game_id,videoname,person_id,starttime,endtime
0022500003,02336878-36b3-dd51-66e6-88d8103bbd1e_1280x720,player_2,4.64,6.28
0022500003,02b0d304-ba99-077f-2e08-26cbddf84ca4_1280x720,player_1,7.4,9.0
0022500003,06a167c5-925c-7e40-06c5-0778f372a568_1280x720,player_1,5.0,7.12
0022500003,06a167c5-925c-7e40-06c5-0778f372a568_1280x720,player_3,6.28,7.84
0022500003,08d29700-8b28-ee3d-1f0e-ae3d52e7baec_1280x720,player_2,6.68,8.28
0022500003,08d29700-8b28-ee3d-1f0e-ae3d52e7baec_1280x720,player_4,4.92,7.0
0022500003,0929ef13-d67b-e129-7895-8ecb89c82ad8_1280x720,player_2,4.36,6.0
0022500003,0af24f78-3466-7b79-0168-fdccae6cff35_1280x720,player_0,7.12,8.28
0022500003,0d3cfbab-b38d-da49-c05b-d3d122767869_1280x720,player_0,6.56,8.4
0022500003,0d3cfbab-b38d-da49-c05b-d3d122767869_1280x720,player_4,4.44,5.32
0022500003,0ed1652b-69ce-ad82-ace5-639d17df7194_1280x720,player_3,4.8,7.04
0022500003,0f7c68d3-82dc-e706-ce77-d4fec84b3b5d_1280x720,player_6,5.64,7.56
0022500003,1013e131-135b-4713-7e62-630772105df5_1280x720,player_8,0.0,7.52
0022500003,1459ee9a-f30c-dc17-3806-94d4b4a27404_1280x720,player_5,4.04,5.96
0022500003,166a1596-36ff-2696-698f-0a67991b49fe_1280x720,player_1,3.6,5.84
0022500003,16f5683e-7819-beac-fdce-64bb0b16a148_1280x720,player_4,2.32,3.64
0022500003,18e93c0f-d359-3a63-c568-dcfbbc97b4d4_1280x720,player_6,5.84,7.56
0022500003,1adfa68b-98ca-8668-2295-4c333c3fd646_1280x720,player_3,5.4,7.44
0022500003,1adfa68b-98ca-8668-2295-4c333c3fd646_1280x720,player_8,7.04,7.84
0022500003,213f2d72-2d7a-663b-aa01-2483745703b7_1280x720,player_4,4.64,5.56
0022500003,213f2d72-2d7a-663b-aa01-2483745703b7_1280x720,player_6,5.48,7.72
0022500003,21648082-e03f-60ce-d81f-e02625e31759_1280x720,player_2,4.48,6.56
0022500003,21648082-e03f-60ce-d81f-e02625e31759_1280x720,player_3,6.36,8.16
0022500003,21d17886-5b44-0c99-4906-d85042b7e1a8_1280x720,player_0,3.04,4.28
0022500003,21d17886-5b44-0c99-4906-d85042b7e1a8_1280x720,player_7,8.36,10.56
0022500003,246c4583-53e6-5a07-4c81-6f9d4f21c488_1280x720,player_1,4.08,6.52
0022500003,25c1f47b-5970-bcc7-cffe-211d85eb6eb3_1280x720,player_0,5.2,6.68
0022500003,25c1f47b-5970-bcc7-cffe-211d85eb6eb3_1280x720,player_5,6.36,7.12
0022500003,265f9cef-a1fd-a9c2-8324-88b10b547a6f_1280x720,player_5,4.68,6.8
0022500003,265f9cef-a1fd-a9c2-8324-88b10b547a6f_1280x720,player_6,6.48,7.6
0022500003,2714be49-a971-c522-78e7-de5d049bdec4_1280x720,player_1,4.68,6.44
0022500003,2714be49-a971-c522-78e7-de5d049bdec4_1280x720,player_6,4.88,6.56
0022500003,276880f9-0e3e-a3d2-4755-40d23be6e4dd_1280x720,player_2,5.0,6.96
0022500003,27fd23ff-1938-7fb0-1f3d-493503b0cb83_1280x720,player_7,3.32,5.44
0022500003,28e22740-3c7c-99c5-990d-4153a9bf2bba_1280x720,player_5,6.32,8.2
0022500003,299ee365-abbd-e3ff-9dbd-8d1699ff09c1_1280x720,player_6,0.0,4.12
0022500003,2a47d83c-eec9-30b6-4aec-18d3a3f23946_1280x720,player_1,0.0,3.56
0022500003,2adc99f6-29ec-48f8-2620-310399832b37_1280x720,player_3,3.2,4.56
0022500003,2adc99f6-29ec-48f8-2620-310399832b37_1280x720,player_4,4.04,4.96
0022500003,2adc99f6-29ec-48f8-2620-310399832b37_1280x720,player_5,3.24,4.52
0022500003,2c4c648d-1914-2332-bc16-247ee6a03533_1280x720,player_4,2.8,4.68
0022500003,2c4c648d-1914-2332-bc16-247ee6a03533_1280x720,player_6,4.6,6.52
0022500003,2f995d7a-d835-889f-b5f8-4613f7e79e2d_1280x720,player_3,3.6,5.04
0022500003,305f3752-afc8-0b14-ab4a-66ae2fed7402_1280x720,player_7,4.52,6.48
0022500003,32ca6b90-a31e-3c0e-34ce-6dd38139ae01_1280x720,player_7,5.12,7.48
0022500003,3528bbc7-926c-626c-3604-1b3512187fd0_1280x720,player_4,5.28,7.44
0022500003,38302e6b-0517-2a87-11e5-8e5a9d005f06_1280x720,player_0,2.24,3.48
0022500003,399b677b-cdd7-e2f0-9873-6bdb33acdc97_1280x720,player_2,4.48,6.92
0022500003,3d395eb6-e6d6-29c8-85b1-6b1dc9f38211_1280x720,player_5,3.36,5.48
0022500003,3d395eb6-e6d6-29c8-85b1-6b1dc9f38211_1280x720,player_6,0.88,1.88
0022500003,3e5a9427-89b9-3d73-70af-900043bd764e_1280x720,player_0,5.56,7.28
0022500003,3e5a9427-89b9-3d73-70af-900043bd764e_1280x720,player_7,5.56,7.68
0022500003,3f04ddf1-e113-583d-1017-d0ec93ff09b6_1280x720,player_8,0.0,5.96
0022500003,42ab1c83-b77d-0794-6aca-ceca6136d111_1280x720,player_7,3.76,4.64
0022500003,42ab1c83-b77d-0794-6aca-ceca6136d111_1280x720,player_8,5.28,7.0
0022500003,4566b81e-7ff7-fd11-fbcb-ab34bf99d242_1280x720,player_3,4.32,5.8
0022500003,4566b81e-7ff7-fd11-fbcb-ab34bf99d242_1280x720,player_4,4.88,6.28
0022500003,47607e3f-91ba-810f-2e85-b37c01146cbd_1280x720,player_0,3.48,6.04
0022500003,47607e3f-91ba-810f-2e85-b37c01146cbd_1280x720,player_4,5.48,6.92
0022500003,4cbfd6ef-9c68-d37a-3f02-da71fe159b8a_1280x720,player_1,7.76,8.56
0022500003,4cbfd6ef-9c68-d37a-3f02-da71fe159b8a_1280x720,player_5,5.4,7.96
0022500003,4cc39ee2-f145-ea98-4ca1-62a40f553c05_1280x720,player_2,6.08,7.16
0022500003,4cc39ee2-f145-ea98-4ca1-62a40f553c05_1280x720,player_8,3.76,6.0
0022500003,502da92f-869d-024c-174c-2506c058ce82_1280x720,player_5,4.56,6.8
0022500003,5053fef3-704c-44aa-9497-64add3122cdb_1280x720,player_5,4.4,6.52
0022500003,5053fef3-704c-44aa-9497-64add3122cdb_1280x720,player_6,3.64,4.32
0022500003,51604a38-a659-653f-4ac5-509633fad3f4_1280x720,player_2,3.76,6.32
0022500003,540ff41f-ba58-16ac-94fa-581cd8022bba_1280x720,player_8,5.16,6.6
0022500003,541ff394-ba49-050e-05f8-af44b8d4a742_1280x720,player_4,5.56,6.96
0022500003,541ff394-ba49-050e-05f8-af44b8d4a742_1280x720,player_7,6.84,8.04
0022500003,547bedaf-90ba-212f-020c-7837778f8112_1280x720,player_0,7.76,8.48
0022500003,547bedaf-90ba-212f-020c-7837778f8112_1280x720,player_7,6.4,7.64
0022500003,548469eb-4c12-0fa0-35aa-b46e77df65a3_1280x720,player_7,0.0,3.0
0022500003,549311af-0356-3c21-5610-c656319ce245_1280x720,player_2,0.0,3.04
0022500003,590bb4e2-7bc3-5b76-8ad6-9f00805e56ed_1280x720,player_2,1.76,3.16
0022500003,590bb4e2-7bc3-5b76-8ad6-9f00805e56ed_1280x720,player_5,4.48,6.24
0022500003,5d51a020-61d1-12ba-0f89-e1900c086bbb_1280x720,player_0,4.04,6.72
0022500003,5fa2e014-2f83-8d0f-9058-0d8389754a58_1280x720,player_7,5.92,8.44
0022500003,62868f18-c6f9-4b35-55b8-cf1404f523f6_1280x720,player_2,4.88,6.4
0022500003,646dc189-b6e2-f714-c3f5-7a993109544a_1280x720,player_0,4.84,6.96
0022500003,646dc189-b6e2-f714-c3f5-7a993109544a_1280x720,player_2,4.0,5.0
0022500003,64b38dec-95b9-a7dc-2785-c5e3537c536c_1280x720,player_7,3.8,4.6
0022500003,652ff2c1-6d12-31df-b392-62faa28ddcd7_1280x720,player_2,6.72,8.92
0022500003,658edd26-b7c2-6565-81ac-be333a34feac_1280x720,player_0,1.88,3.72
0022500003,6650ae3d-35b8-79a2-a11b-e567725099c5_1280x720,player_4,6.2,7.28
0022500003,6650ae3d-35b8-79a2-a11b-e567725099c5_1280x720,player_5,4.32,6.72
0022500003,6665cb5f-89e7-bf98-fc54-c045bf693f27_1280x720,player_2,7.96,9.04
0022500003,6665cb5f-89e7-bf98-fc54-c045bf693f27_1280x720,player_3,5.92,8.16
0022500003,67f937b9-c053-2b56-7b3f-d627234bdf2f_1280x720,player_4,5.2,7.56
0022500003,67f937b9-c053-2b56-7b3f-d627234bdf2f_1280x720,player_6,7.28,8.76
0022500003,69e759a7-b76b-35d7-8887-5f99661c67d6_1280x720,player_5,2.32,4.04
0022500003,69e759a7-b76b-35d7-8887-5f99661c67d6_1280x720,player_7,3.8,5.28
0022500003,6b4268f5-63c0-04cb-3f7d-48b704c568a2_1280x720,player_0,5.08,6.72
0022500003,6d8055f5-6e48-4b24-b5e4-93f709358e9b_1280x720,player_1,7.04,8.28
0022500003,6e28b5c1-0144-d33f-d81d-f80bfdf35e5d_1280x720,player_3,3.64,5.52
0022500003,6ec51dbe-bf0e-a5bc-51d8-7768543fbbb2_1280x720,player_4,6.32,7.68
0022500003,6f1d761b-b3af-4df4-364b-9e0c155aefca_1280x720,player_0,5.72,7.68
0022500003,6f1d761b-b3af-4df4-364b-9e0c155aefca_1280x720,player_7,4.8,5.68
0022500003,6f60fc3d-d0df-1acb-7215-ed04e1ae7c79_1280x720,player_2,4.68,6.68
0022500003,71a96f85-baff-5cc3-48c2-eeb640697bbe_1280x720,player_4,3.92,5.4
0022500003,71a96f85-baff-5cc3-48c2-eeb640697bbe_1280x720,player_5,1.72,3.8
0022500003,71a96f85-baff-5cc3-48c2-eeb640697bbe_1280x720,player_7,5.12,6.04
0022500003,71e9372a-b58a-fdba-6d66-14638996b81b_1280x720,player_1,4.2,6.44
0022500003,71e9372a-b58a-fdba-6d66-14638996b81b_1280x720,player_6,6.16,7.04
0022500003,72b4ea65-87ee-d772-fe9e-ae5a4130ff65_1280x720,player_8,4.24,6.12
0022500003,72d13b7e-eec4-807a-705b-dc9b3ab0c09f_1280x720,player_0,4.84,6.92
0022500003,75cb15ba-1cc6-a717-11ab-af2fbbe77bf4_1280x720,player_2,4.0,6.12
0022500003,75cb15ba-1cc6-a717-11ab-af2fbbe77bf4_1280x720,player_7,5.84,8.24
0022500003,75d6de5e-3f06-2df6-465c-e343cd735dff_1280x720,player_6,8.68,9.64
0022500003,75d6de5e-3f06-2df6-465c-e343cd735dff_1280x720,player_8,6.52,8.64
0022500003,76d80db3-04bc-653a-5ea7-7c25c7e18d71_1280x720,player_5,4.44,5.72
0022500003,784c342f-ada8-109e-70c8-41bf5b34c6b6_1280x720,player_0,4.48,6.4
0022500003,796c5399-78ab-1aa8-87ed-89c1f921f8b6_1280x720,player_2,5.44,7.36
0022500003,796c5399-78ab-1aa8-87ed-89c1f921f8b6_1280x720,player_7,3.44,5.24
0022500003,79dd163a-2a73-2d5c-3dc6-40cb0e910608_1280x720,player_1,5.48,7.4
0022500003,79dd163a-2a73-2d5c-3dc6-40cb0e910608_1280x720,player_8,4.64,5.4
0022500003,7ab37c56-e639-e334-150b-1267fe97e1c2_1280x720,player_2,4.08,5.32
0022500003,7c385a59-5ea4-5cad-d628-e6f33b4a9194_1280x720,player_1,2.6,3.44
0022500003,7c385a59-5ea4-5cad-d628-e6f33b4a9194_1280x720,player_6,0.72,2.72
0022500003,7ca3e145-5302-e0b5-2ab6-debfc9d39b09_1280x720,player_3,6.56,7.92
0022500003,7ca3e145-5302-e0b5-2ab6-debfc9d39b09_1280x720,player_8,4.72,6.96
0022500003,7d008a86-73c4-dee3-cf7b-523dde42fe69_1280x720,player_6,0.0,3.92
0022500003,7db5decc-78ca-52f0-1d6f-b2c6ecf9872f_1280x720,player_3,2.8,3.92
0022500003,7e5e7382-2d4a-8fe9-b177-c601f1e3e2c2_1280x720,player_6,2.92,5.2
0022500003,7f7d78a7-8125-7daf-4dea-cb8bda528f06_1280x720,player_7,3.92,4.84
0022500003,7f7d78a7-8125-7daf-4dea-cb8bda528f06_1280x720,player_9,5.28,6.2
0022500003,7fcb8a29-7cf3-7264-d3c2-78d3f82a5dc5_1280x720,player_1,3.64,5.92
0022500003,7fcbd033-d876-63d9-a135-2bfeb5b2001d_1280x720,player_0,4.24,5.96
0022500003,82062dcf-819a-2505-c8ad-564d1a910d28_1280x720,player_0,0.0,6.4
0022500003,84d64e56-e08d-98a3-71f1-9a95040c287f_1280x720,player_3,5.04,7.12
0022500003,87a12e87-5683-f942-ba58-018548b0a3f8_1280x720,player_2,4.52,6.16
0022500003,87a12e87-5683-f942-ba58-018548b0a3f8_1280x720,player_6,5.8,7.08
0022500003,8a24bda5-cf81-b15e-220c-77bb533e0ba0_1280x720,player_1,5.72,7.52
0022500003,8bc39a3b-8e86-26eb-3105-bfda57cec599_1280x720,player_5,5.32,6.72
0022500003,8ccffbfc-211b-3c4d-bf92-71e0016ae0a1_1280x720,player_3,0.0,6.64
0022500003,8d4e1b40-e2f3-5a1b-6239-0344db1a240e_1280x720,player_4,3.8,5.48
0022500003,8d4e1b40-e2f3-5a1b-6239-0344db1a240e_1280x720,player_5,4.0,5.24
0022500003,8d4e1b40-e2f3-5a1b-6239-0344db1a240e_1280x720,player_6,5.48,7.04
0022500003,8d8aad22-eff5-6522-bc98-daff4cc0fba4_1280x720,player_8,6.88,7.8
0022500003,91d89f52-51ee-56ee-bad7-d994cb838feb_1280x720,player_3,1.4,2.16
0022500003,91d89f52-51ee-56ee-bad7-d994cb838feb_1280x720,player_6,2.4,4.36
0022500003,9301ebec-9078-f67e-95e9-a5b671a5559a_1280x720,player_8,4.92,7.04
0022500003,93606183-d6cd-2889-f827-22076568dcc0_1280x720,player_4,6.32,8.48
0022500003,9520f8ce-5637-8037-1944-b3b24cd89da5_1280x720,player_0,2.2,4.44
0022500003,9520f8ce-5637-8037-1944-b3b24cd89da5_1280x720,player_8,4.32,5.32
0022500003,9592c190-236b-5935-faea-cef09f8e2bfc_1280x720,player_3,4.84,6.08
0022500003,95de8cce-0281-1cad-e32b-14fa63b19891_1280x720,player_8,4.88,6.68
0022500003,963a90a3-2bcf-79bc-1fec-9d9b0aed9db7_1280x720,player_6,4.48,5.52
0022500003,98913f08-737e-ad77-f5ea-d5da2050f9cf_1280x720,player_4,5.36,6.56
0022500003,a02d2d9b-bc5a-90f3-98a7-f77870ef7f56_1280x720,player_7,7.56,8.8
0022500003,a10233ae-89e0-dfeb-3514-65274af926b0_1280x720,player_0,0.0,4.48
0022500003,a1fa7165-f3ce-87fe-be64-09865b68a764_1280x720,player_7,0.0,4.04
0022500003,a2c78174-8822-4935-7742-cada033cc837_1280x720,player_4,7.4,8.44
0022500003,a57d7d1a-b8b8-f653-eaaf-97e4d8e67b66_1280x720,player_1,6.2,7.04
0022500003,a57d7d1a-b8b8-f653-eaaf-97e4d8e67b66_1280x720,player_2,6.84,7.52
0022500003,a57d7d1a-b8b8-f653-eaaf-97e4d8e67b66_1280x720,player_5,6.32,6.92
0022500003,a6365dac-34c6-2202-48ce-ce07c51a80d8_1280x720,player_7,4.96,6.4
0022500003,a6d59cce-ea97-5975-111a-8e937a90488f_1280x720,player_5,4.96,6.72
0022500003,a7136bc0-8098-baae-2af5-6f184e4bbccf_1280x720,player_1,0.0,4.48
0022500003,a7d20f0d-d9b4-dfd4-998a-1fc412e8e103_1280x720,player_0,3.24,4.76
0022500003,a7d20f0d-d9b4-dfd4-998a-1fc412e8e103_1280x720,player_2,1.28,3.28
0022500003,a8e0982e-4700-e830-acca-4c641f044a20_1280x720,player_4,5.08,5.72
0022500003,a8e0982e-4700-e830-acca-4c641f044a20_1280x720,player_7,6.04,7.24
0022500003,ac634a2d-d21d-a90c-7056-3393f27c13a9_1280x720,player_1,5.44,7.52
0022500003,ac634a2d-d21d-a90c-7056-3393f27c13a9_1280x720,player_6,4.48,5.4
0022500003,ae3e37af-c372-ecc1-76e1-b0f0470fb546_1280x720,player_7,0.0,4.44
0022500003,b231dd02-986f-ded4-3baa-fa9c485c4888_1280x720,player_0,5.8,7.92
0022500003,b231dd02-986f-ded4-3baa-fa9c485c4888_1280x720,player_9,7.76,8.76
0022500003,b252d48d-acb5-33cd-699f-95d999996912_1280x720,player_1,5.76,7.96
0022500003,b252d48d-acb5-33cd-699f-95d999996912_1280x720,player_7,7.92,8.92
0022500003,b2b0d24a-278c-7429-ecd1-804415d98d70_1280x720,player_5,5.76,8.32
0022500003,b2b0d24a-278c-7429-ecd1-804415d98d70_1280x720,player_8,3.96,5.84
0022500003,b3cc4d4e-8726-624d-0364-dc3394dff188_1280x720,player_0,5.6,6.8
0022500003,b3cc4d4e-8726-624d-0364-dc3394dff188_1280x720,player_2,3.72,5.96
0022500003,b47787ec-a6a9-db8c-c6b8-27eda8b10db3_1280x720,player_2,4.6,5.64
0022500003,b47787ec-a6a9-db8c-c6b8-27eda8b10db3_1280x720,player_4,5.6,7.6
0022500003,b4e246b5-6fd7-f438-2a61-15b2b5d56055_1280x720,player_4,4.48,5.96
0022500003,b544445e-90ea-8374-6159-2915d0fe0909_1280x720,player_7,3.92,5.88
0022500003,b61e24d4-9164-139c-e33f-8e9b1db785cc_1280x720,player_1,6.08,8.08
0022500003,b61e24d4-9164-139c-e33f-8e9b1db785cc_1280x720,player_4,5.08,5.96
0022500003,b629385f-3591-f012-9201-3e00653269ed_1280x720,player_4,3.4,3.8
0022500003,b629385f-3591-f012-9201-3e00653269ed_1280x720,player_6,3.48,4.04
0022500003,b6948618-361b-3234-25df-7730a6b5f1a9_1280x720,player_4,2.96,4.28
0022500003,c171fd65-23fb-4278-3979-9491a82bb8d5_1280x720,player_0,5.72,7.8
0022500003,c59c2ca2-6a5b-3be2-77b2-3b2ac2131e31_1280x720,player_1,5.6,7.4
0022500003,c59c2ca2-6a5b-3be2-77b2-3b2ac2131e31_1280x720,player_6,7.48,8.88
0022500003,c70b7d9d-f6f2-3158-089c-5bc1a811636e_1280x720,player_1,0.0,6.64
0022500003,c72040d3-652a-d53f-735a-f1f10545144d_1280x720,player_4,3.68,5.16
0022500003,c72040d3-652a-d53f-735a-f1f10545144d_1280x720,player_8,3.6,4.96
0022500003,c73f2c3d-415a-b9d6-341e-4d9d5ae4d24d_1280x720,player_4,5.16,7.52
0022500003,c9709baf-c518-d7d6-5cb3-137889ecc664_1280x720,player_5,3.52,5.24
0022500003,c99a3b65-3a5b-0a87-7b93-5516db451462_1280x720,player_4,5.76,8.08
0022500003,c9b4fe98-e2c1-f252-adfa-6dfc2d869fad_1280x720,player_1,11.0,12.32
0022500003,c9b4fe98-e2c1-f252-adfa-6dfc2d869fad_1280x720,player_2,9.72,10.8
0022500003,cae60d7d-bda0-5e88-a972-ef794e23aa1b_1280x720,player_5,3.72,5.4
0022500003,ccfbd45b-5104-de98-d8e2-f594ea8d8108_1280x720,player_0,2.68,3.68
0022500003,ce979297-2c6d-a6df-2455-eac10a268ed4_1280x720,player_2,0.72,2.24
0022500003,ce979297-2c6d-a6df-2455-eac10a268ed4_1280x720,player_3,1.88,2.8
0022500003,cfd855be-d011-1937-dd8c-0021419a4374_1280x720,player_2,7.2,8.16
0022500003,d0ef2a0a-ca7e-a2d3-987b-adbe92f651ba_1280x720,player_3,0.0,2.6
0022500003,d1307dd1-c107-dbdb-2d91-dadcf4281e72_1280x720,player_0,4.84,6.52
0022500003,d1e2979f-541d-52c6-1ac4-f8cb7165b9fa_1280x720,player_2,4.4,5.76
0022500003,d1e2979f-541d-52c6-1ac4-f8cb7165b9fa_1280x720,player_4,4.68,6.32
0022500003,d2150cd4-0f0f-6b57-8314-6cf28ef2f43a_1280x720,player_6,3.84,5.88
0022500003,d448854f-3c4e-f026-4e90-f241849efed3_1280x720,player_2,6.68,7.96
0022500003,d4a45bac-0e99-744f-22b7-39e919d95079_1280x720,player_2,3.76,5.04
0022500003,d4a45bac-0e99-744f-22b7-39e919d95079_1280x720,player_6,3.96,5.48
0022500003,d525a8ac-3cf0-e548-d652-e16bbeb4e001_1280x720,player_2,6.56,7.36
0022500003,d525a8ac-3cf0-e548-d652-e16bbeb4e001_1280x720,player_3,6.0,6.84
0022500003,d525a8ac-3cf0-e548-d652-e16bbeb4e001_1280x720,player_4,6.08,7.12
0022500003,d73ee8e7-7ef5-6e5e-a198-e8d8fa375a64_1280x720,player_5,3.96,5.4
0022500003,d7528fa1-3e53-100f-1808-8bf0e9506019_1280x720,player_1,0.0,6.4
0022500003,d8039c5c-3c45-5fee-cfaa-0669acd4fb30_1280x720,player_7,6.6,7.84
0022500003,db984cdf-7e1a-b230-cb4d-7103cc6000ec_1280x720,player_4,7.52,8.84
0022500003,deda77a7-9947-c29f-4c5c-892781f1b90b_1280x720,player_5,2.96,3.88
0022500003,def551dd-e07d-1cdb-7fd2-a969a87352c3_1280x720,player_2,0.0,6.8
0022500003,def6dd4d-1ffc-c6af-ad3d-117732869826_1280x720,player_0,3.8,5.44
0022500003,def6dd4d-1ffc-c6af-ad3d-117732869826_1280x720,player_1,5.36,6.36
0022500003,df7e8a41-c1f6-d6ed-0d2f-d3c9b65d18c7_1280x720,player_4,2.88,3.92
0022500003,df7e8a41-c1f6-d6ed-0d2f-d3c9b65d18c7_1280x720,player_6,5.44,6.36
0022500003,e16cd343-d1f7-09a9-0657-407751ebec36_1280x720,player_8,4.2,6.32
0022500003,e890c2cd-9f60-250d-1df9-af2d0f66232c_1280x720,player_5,4.6,6.36
0022500003,ea680af0-fed1-ddc3-7e6b-3c23c7cc9e42_1280x720,player_2,7.32,8.28
0022500003,ea680af0-fed1-ddc3-7e6b-3c23c7cc9e42_1280x720,player_4,5.16,7.56
0022500003,ebebb511-3597-3803-add0-b30885b678e7_1280x720,player_3,5.4,7.52
0022500003,ebebb511-3597-3803-add0-b30885b678e7_1280x720,player_6,4.44,5.4
0022500003,ec6d8662-2f43-6ed8-bb4e-d80f7c94cc17_1280x720,player_6,3.6,5.84
0022500003,ed176871-0cc0-d470-cba9-578c8fb7afaa_1280x720,player_7,5.12,7.24
0022500003,edb517c0-9bdd-acbd-c172-eb81c0564005_1280x720,player_1,3.2,4.48
0022500003,edb517c0-9bdd-acbd-c172-eb81c0564005_1280x720,player_2,4.56,6.44
0022500003,f32b1e00-c7fc-e238-cac7-ffbd487b92fa_1280x720,player_3,7.12,8.24
0022500003,f32b1e00-c7fc-e238-cac7-ffbd487b92fa_1280x720,player_4,7.44,8.12
0022500003,f42354a6-04c4-d1bf-e2f4-860a5bff0e36_1280x720,player_0,2.76,3.84
0022500003,f6592da7-ad44-7b7f-b402-0bd5144a8c02_1280x720,player_5,6.56,7.76
0022500003,fa2ba086-b67b-e85f-29eb-0bf9144f9689_1280x720,player_4,5.48,6.76
0022500003,fb0a0c90-b1dc-9a63-44bc-464d34f24042_1280x720,player_7,0.0,6.44
0022500003,fe57b15a-2102-235a-5795-e5856c224e4b_1280x720,player_3,6.48,7.92
0022500003,fe57b15a-2102-235a-5795-e5856c224e4b_1280x720,player_4,5.16,6.56
0022500003,fe9b7262-0056-9afe-e0f2-eb0085ce54d0_1280x720,player_5,5.48,6.76
0022500004,046e3b41-0d3a-a8e7-90ba-02a40bc1de34_1280x720,player_4,3.16,4.8
0022500004,046e3b41-0d3a-a8e7-90ba-02a40bc1de34_1280x720,player_5,3.52,5.16
0022500004,083cd8b8-a91a-83c4-c6f4-88786faef2d1_1280x720,player_2,8.72,10.56
0022500004,083cd8b8-a91a-83c4-c6f4-88786faef2d1_1280x720,player_7,7.84,8.64
0022500004,09238034-399c-c2f4-6e2d-5ebd3fbf3436_1280x720,player_1,9.8,11.04
0022500004,09238034-399c-c2f4-6e2d-5ebd3fbf3436_1280x720,player_6,10.96,11.84
0022500004,0c5155ea-40eb-8c09-7f5f-71a469ed23ae_1280x720,player_4,4.08,5.56
0022500004,0cb596e3-5379-56ef-a148-fb0c55f22fd2_1280x720,player_1,5.72,7.16
0022500004,0d02267a-420d-6968-bbac-2c81c91ffe6a_1280x720,player_0,2.96,4.68
0022500004,0f3b47d2-d6bc-2b4c-f706-c6afe1132023_1280x720,player_3,4.88,6.92
0022500004,0f802625-6002-25d7-c85b-6b5628f75637_1280x720,player_3,4.0,5.48
0022500004,0f802625-6002-25d7-c85b-6b5628f75637_1280x720,player_7,4.44,6.0
0022500004,10df0590-07f1-7f81-8f32-d5e0aea38728_1280x720,player_6,1.84,3.96
0022500004,1174711b-bdf1-0c40-46d0-ed19e4ecda63_1280x720,player_2,7.48,8.96
0022500004,1174711b-bdf1-0c40-46d0-ed19e4ecda63_1280x720,player_7,6.12,7.84
0022500004,1392898e-bf37-912a-3c7f-f9e79726ca65_1280x720,player_2,2.68,4.92
0022500004,1392898e-bf37-912a-3c7f-f9e79726ca65_1280x720,player_3,4.64,6.2
0022500004,1452ba6d-f55b-4cc5-7abf-e1b5eda1f0c9_1280x720,player_0,0.0,5.28
0022500004,1470ed76-d91f-00ab-2a62-6f17ce583640_1280x720,player_4,3.92,6.24
0022500004,155396af-db1c-2a60-433b-6483f095b7e6_1280x720,player_0,4.92,6.04
0022500004,155396af-db1c-2a60-433b-6483f095b7e6_1280x720,player_8,5.16,5.92
0022500004,15fe7081-4153-401b-bffe-536079bb7bbf_1280x720,player_3,4.64,6.24
0022500004,169cfe4a-b572-cded-439a-d730ebd91741_1280x720,player_1,7.2,11.48
0022500004,169cfe4a-b572-cded-439a-d730ebd91741_1280x720,player_6,7.72,8.6
0022500004,1acba0f9-c828-3ea6-e807-cfc24362cb03_1280x720,player_6,3.96,5.8
0022500004,1acba0f9-c828-3ea6-e807-cfc24362cb03_1280x720,player_7,3.32,5.32
0022500004,1b6ef258-39c0-c2b7-80e3-8702854d0fea_1280x720,player_7,2.64,4.32
0022500004,1b77ba34-857a-284d-ead6-cd55dc838aea_1280x720,player_8,4.12,5.64
0022500004,1b9536bb-20a4-ee96-8c20-28658a5386c2_1280x720,player_2,0.0,4.8
0022500004,1b9536bb-20a4-ee96-8c20-28658a5386c2_1280x720,player_4,4.76,5.96
0022500004,1c5aa563-11fe-1eaf-7452-357e0a202c35_1280x720,player_3,7.88,10.16
0022500004,1c5aa563-11fe-1eaf-7452-357e0a202c35_1280x720,player_4,5.64,7.72
0022500004,1e81e6be-3685-cb0e-f4a9-db10b577a23b_1280x720,player_5,4.12,5.04
0022500004,1e81e6be-3685-cb0e-f4a9-db10b577a23b_1280x720,player_6,4.6,6.4
0022500004,1eca4417-ddba-4be5-5160-8312987e8034_1280x720,player_5,1.64,2.4
0022500004,1eca4417-ddba-4be5-5160-8312987e8034_1280x720,player_6,3.92,5.56
0022500004,1edddc55-e5ff-5144-737e-4185d3165fea_1280x720,player_0,11.56,12.64
0022500004,1edddc55-e5ff-5144-737e-4185d3165fea_1280x720,player_3,9.6,10.72
0022500004,22241cf3-973a-e275-b97f-ab301d3af753_1280x720,player_6,3.6,4.64
0022500004,22c8eb50-fd1a-54c2-d180-2d9430e373dd_1280x720,player_5,6.96,8.48
0022500004,22c8eb50-fd1a-54c2-d180-2d9430e373dd_1280x720,player_6,4.8,6.0
0022500004,2799e03b-3d1c-85a4-4d16-832b42b80356_1280x720,player_4,3.36,5.16
0022500004,28117377-7e42-3abe-5724-68947e43e424_1280x720,player_0,5.2,6.88
0022500004,299b5290-17ba-8eed-f380-f341b721d52e_1280x720,player_3,5.0,6.24
0022500004,2e534700-711a-6b18-1e2a-90b6a0a742ab_1280x720,player_2,5.96,8.04
0022500004,2f210a69-cd7a-efed-0625-3ae240ac478b_1280x720,player_5,5.08,6.28
0022500004,2f210a69-cd7a-efed-0625-3ae240ac478b_1280x720,player_7,2.68,4.0
0022500004,30b5d98e-0a2b-7a20-c7d6-0d017c30c172_1280x720,player_4,4.6,5.64
0022500004,30b5d98e-0a2b-7a20-c7d6-0d017c30c172_1280x720,player_5,3.48,4.8
0022500004,310b1338-01e4-8409-1048-f11dd028c03c_1280x720,player_4,2.92,4.24
0022500004,310b1338-01e4-8409-1048-f11dd028c03c_1280x720,player_6,3.04,3.52
0022500004,32cc24b7-9b15-7690-0126-e2d2c6f46f0b_1280x720,player_3,4.2,6.12
0022500004,33a329fd-76e7-6382-db07-926bb1172ced_1280x720,player_4,4.52,5.92
0022500004,33a329fd-76e7-6382-db07-926bb1172ced_1280x720,player_5,5.12,6.48
0022500004,35866e8b-3942-8d53-e760-e2b996be3dfe_1280x720,player_1,3.52,4.84
0022500004,35866e8b-3942-8d53-e760-e2b996be3dfe_1280x720,player_3,1.84,3.68
0022500004,385f2129-4e76-03d8-7fd0-228b439d92a9_1280x720,player_3,11.08,12.2
0022500004,385f2129-4e76-03d8-7fd0-228b439d92a9_1280x720,player_5,9.08,11.04
0022500004,3b0137c9-c866-adf4-3d4b-9c376777591a_1280x720,player_2,7.48,8.56
0022500004,3b0137c9-c866-adf4-3d4b-9c376777591a_1280x720,player_3,5.64,7.48
0022500004,3da79636-a194-4c9d-08f0-e1f0db1762ff_1280x720,player_1,3.52,4.72
0022500004,445d554b-9497-41ba-95d8-84e30d477fea_1280x720,player_1,4.12,5.4
0022500004,4a72e1af-b9fd-596f-8ef4-da8440f82505_1280x720,player_1,4.0,5.12
0022500004,4a72e1af-b9fd-596f-8ef4-da8440f82505_1280x720,player_4,5.72,7.72
0022500004,4a92b186-b670-b733-8bfa-8dd96410e5e7_1280x720,player_2,2.24,4.08
0022500004,4b912a66-bed0-a08c-0a98-8ea5cef24549_1280x720,player_0,5.28,6.68
0022500004,4b912a66-bed0-a08c-0a98-8ea5cef24549_1280x720,player_1,3.08,4.04
0022500004,4cb7dc6c-9487-1430-4e51-ad5780999686_1280x720,player_0,7.16,8.2
0022500004,510033bd-05af-44d5-e82e-f2587c332f92_1280x720,player_1,1.8,2.48
0022500004,510033bd-05af-44d5-e82e-f2587c332f92_1280x720,player_4,2.8,4.2
0022500004,52a1d94e-2e8d-a60b-eaf2-34cdcb3c0b77_1280x720,player_6,5.64,7.12
0022500004,53bd89af-845f-fec5-cfbc-7d602c2ee363_1280x720,player_8,2.84,4.4
0022500004,53cb2a2b-6250-35fc-25d5-4c7f3375ff35_1280x720,player_2,2.76,4.92
0022500004,53cb2a2b-6250-35fc-25d5-4c7f3375ff35_1280x720,player_7,1.12,2.88
0022500004,53f26a1e-d558-8e23-8639-4e78402649dc_1280x720,player_8,2.96,4.52
0022500004,54ccca68-03af-f702-e994-2d6622a35016_1280x720,player_2,7.64,8.44
0022500004,54ccca68-03af-f702-e994-2d6622a35016_1280x720,player_3,9.0,10.28
0022500004,54f42d43-c364-b77e-93f7-9c486f8ab922_1280x720,player_3,5.16,6.8
0022500004,54f42d43-c364-b77e-93f7-9c486f8ab922_1280x720,player_6,6.72,8.16
0022500004,5673982e-669e-f954-7c65-3d1f69c00092_1280x720,player_4,3.64,5.12
0022500004,56ad46ce-b91e-daca-80f1-aea3bc1064a9_1280x720,player_0,3.6,5.76
0022500004,56ad46ce-b91e-daca-80f1-aea3bc1064a9_1280x720,player_2,1.04,1.92
0022500004,5a816578-0291-c9fa-03d3-b80d13d00284_1280x720,player_5,2.88,4.08
0022500004,5a816578-0291-c9fa-03d3-b80d13d00284_1280x720,player_8,1.44,3.12
0022500004,5c5d779f-4df6-4637-183b-be6c7dceda78_1280x720,player_1,0.0,5.64
0022500004,5d3b0508-25f8-b35d-034d-0a575267188e_1280x720,player_3,5.2,7.36
0022500004,5d3b0508-25f8-b35d-034d-0a575267188e_1280x720,player_6,7.12,8.12
0022500004,5e98e316-10a7-4628-1b18-624e8ef6d233_1280x720,player_7,4.8,6.28
0022500004,5e98e316-10a7-4628-1b18-624e8ef6d233_1280x720,player_8,3.2,5.0
0022500004,60275653-4050-5f59-1153-668dcb9bb650_1280x720,player_3,0.0,0.72
0022500004,6136a173-670f-b989-69e5-52121e21eb12_1280x720,player_0,3.32,4.48
0022500004,6136a173-670f-b989-69e5-52121e21eb12_1280x720,player_1,5.56,7.2
0022500004,65f758d8-f45f-5204-b394-1bac548ef0c1_1280x720,player_3,5.96,8.28
0022500004,6664d716-a3ab-b53f-3c87-39a52c85d48c_1280x720,player_1,3.12,5.12
0022500004,699a339a-c1ae-98f3-92e6-dda373ed9ef1_1280x720,player_3,7.44,9.28
0022500004,699a339a-c1ae-98f3-92e6-dda373ed9ef1_1280x720,player_6,6.48,7.44
0022500004,6a7ae5a6-62bb-2ec6-dc6f-0a1ac145340f_1280x720,player_3,3.84,5.68
0022500004,6a7ae5a6-62bb-2ec6-dc6f-0a1ac145340f_1280x720,player_4,5.56,6.68
0022500004,6d10dc7f-7d29-d414-7da7-6e5046ed67d8_1280x720,player_2,3.08,5.04
0022500004,6d10dc7f-7d29-d414-7da7-6e5046ed67d8_1280x720,player_6,5.04,6.04
0022500004,6dd74ec9-653a-6624-d4d9-50a7412015ca_1280x720,player_7,6.12,7.84
0022500004,6dd74ec9-653a-6624-d4d9-50a7412015ca_1280x720,player_9,7.52,8.08
0022500004,6ded7dcf-c895-a521-f432-983a62e8b84a_1280x720,player_4,6.84,8.0
0022500004,70f95ff5-ab50-e113-afae-9bd3cd0b3194_1280x720,player_3,5.96,7.16
0022500004,70f95ff5-ab50-e113-afae-9bd3cd0b3194_1280x720,player_6,4.36,5.92
0022500004,71778d7b-3b71-5c40-b5ea-a2d69904cab4_1280x720,player_0,5.32,6.24
0022500004,71778d7b-3b71-5c40-b5ea-a2d69904cab4_1280x720,player_3,0.0,5.28
0022500004,7179b18b-01d7-7119-fba9-a91a3f3be4fc_1280x720,player_0,6.12,8.12
0022500004,7179b18b-01d7-7119-fba9-a91a3f3be4fc_1280x720,player_1,8.12,9.4
0022500004,7444b1ca-bbec-0ec3-07e3-7b06cf229c85_1280x720,player_0,5.2,6.08
0022500004,7501bbdf-fccc-ae50-198a-bd88440f582d_1280x720,player_2,5.68,7.36
0022500004,78a3e293-ff24-6a6a-0ea7-14b6ac2670dc_1280x720,player_8,2.6,4.72
0022500004,790108dc-630b-3cfd-93e8-87893805e89b_1280x720,player_2,4.6,6.24
0022500004,796950ee-e5b6-5c25-83cd-3552b0b0006a_1280x720,player_2,7.84,10.16
0022500004,7b6d1055-e672-46fc-a73c-4c190c9da646_1280x720,player_0,5.12,6.52
0022500004,7e08322f-6d0b-c207-3bbc-4b24d477a91e_1280x720,player_4,2.84,4.08
0022500004,7f9129d7-5a3a-fdd4-1975-941ce9686ff4_1280x720,player_1,5.08,5.84
0022500004,82b857ab-058a-e0aa-3faf-e17c685666c2_1280x720,player_2,1.96,2.84
0022500004,82b857ab-058a-e0aa-3faf-e17c685666c2_1280x720,player_3,3.68,5.4
0022500004,88ca427e-9ceb-a085-6dd6-23fb9bb6c4bd_1280x720,player_1,6.56,8.32
0022500004,88ca427e-9ceb-a085-6dd6-23fb9bb6c4bd_1280x720,player_6,5.8,6.6
0022500004,8921b3e6-0273-dcab-d9a1-f70a132a731a_1280x720,player_4,3.4,4.44
0022500004,8980fd33-0648-7525-c333-270d7bd2ea6f_1280x720,player_5,5.92,7.76
0022500004,8980fd33-0648-7525-c333-270d7bd2ea6f_1280x720,player_6,5.56,6.6
0022500004,89c6c803-0dbf-4176-ae2e-acdf1b318da2_1280x720,player_9,6.8,8.32
0022500004,8a0c8cf0-0697-0d54-7c41-7d82d0f0032f_1280x720,player_4,6.36,7.44
0022500004,8c042f36-074c-fc26-d092-625a66a28997_1280x720,player_6,1.48,3.48
0022500004,8c3aa0ed-2e6d-4784-b50e-c245f0dff724_1280x720,player_3,6.52,7.8
0022500004,928a4f09-a06e-d51a-2424-57cf61c369ca_1280x720,player_3,4.88,6.36
0022500004,928a4f09-a06e-d51a-2424-57cf61c369ca_1280x720,player_5,3.12,4.92
0022500004,9307f719-fec1-2188-1053-3c0ea8531ba9_1280x720,player_3,3.28,5.0
0022500004,9307f719-fec1-2188-1053-3c0ea8531ba9_1280x720,player_6,4.84,5.96
0022500004,99e60741-3fac-1836-03ac-5beec13ae4a1_1280x720,player_1,4.4,5.96
0022500004,99e60741-3fac-1836-03ac-5beec13ae4a1_1280x720,player_2,7.96,9.44
0022500004,99e60741-3fac-1836-03ac-5beec13ae4a1_1280x720,player_4,4.44,6.56
0022500004,9d113218-d78d-bfe0-e696-3756b49507ee_1280x720,player_7,3.2,4.72
0022500004,9e8e8bdd-d5c1-bb28-4f78-b1d1245f987b_1280x720,player_5,1.8,3.76
0022500004,a14c8c63-4ee0-ea24-04de-61b95efa82d7_1280x720,player_7,8.44,9.8
0022500004,a34de8a4-2edc-a386-b5b4-4eb44888a4d8_1280x720,player_2,3.52,4.72
0022500004,a34de8a4-2edc-a386-b5b4-4eb44888a4d8_1280x720,player_4,4.68,6.76
0022500004,a420ac69-fce0-5db1-11df-2f9897526c49_1280x720,player_2,1.6,3.44
0022500004,a8482071-9092-5018-ba2e-7aca9ac6586e_1280x720,player_5,5.68,6.76
0022500004,ab88cf61-48b9-9ead-b9ed-5ccb178418e7_1280x720,player_2,5.28,7.28
0022500004,ab88cf61-48b9-9ead-b9ed-5ccb178418e7_1280x720,player_4,5.24,7.2
0022500004,aed8e3f6-72f0-98f7-9c03-604087571b29_1280x720,player_3,5.8,6.92
0022500004,af7b3817-e2e0-7201-13c6-4ae3c170d9f4_1280x720,player_2,5.08,6.48
0022500004,af7b3817-e2e0-7201-13c6-4ae3c170d9f4_1280x720,player_6,6.12,7.44
0022500004,b0310832-4cc4-0e14-1366-7f6eb401ce88_1280x720,player_2,3.84,5.96
0022500004,b0310832-4cc4-0e14-1366-7f6eb401ce88_1280x720,player_6,5.8,6.56
0022500004,b03b2f92-1496-5afd-d950-9947a70ae536_1280x720,player_7,5.76,7.44
0022500004,b23f98da-0da5-ecf8-91e4-fd74b1837ec0_1280x720,player_2,5.0,7.08
0022500004,b23f98da-0da5-ecf8-91e4-fd74b1837ec0_1280x720,player_7,1.44,2.44
0022500004,b287dfff-08c4-704f-cd92-d09af984cc50_1280x720,player_5,6.48,7.44
0022500004,b47eda61-24b5-f64f-b7f0-66db24805fca_1280x720,player_0,5.36,6.28
0022500004,b64c2fb3-7429-04d5-98dc-3067deed7eb2_1280x720,player_5,3.96,5.72
0022500004,b64c2fb3-7429-04d5-98dc-3067deed7eb2_1280x720,player_6,1.16,2.2
0022500004,b6f08d35-1ca6-08b0-b753-06892161858b_1280x720,player_0,4.8,6.12
0022500004,b7550eb4-52cd-7a83-9483-4ca0bcc47eba_1280x720,player_2,2.32,4.04
0022500004,b7550eb4-52cd-7a83-9483-4ca0bcc47eba_1280x720,player_5,4.12,4.56
0022500004,b7d3d2ee-2cd0-50b8-327d-29bd8b56bfd9_1280x720,player_5,3.8,5.24
0022500004,b8fd16a8-a7ae-34ca-a760-44cffbd625b9_1280x720,player_2,6.84,7.36
0022500004,ba692799-a1b3-9298-b4c2-a7a9bd8f3023_1280x720,player_4,6.44,7.84
0022500004,c475c634-9304-da81-c3bc-9951b47a9e5b_1280x720,player_6,0.0,4.64
0022500004,c55f8669-fc6d-1a1b-28d8-81daaa5c9302_1280x720,player_4,2.76,4.12
0022500004,c86e86cb-2124-532d-904a-8a1fb5d702e6_1280x720,player_2,1.56,3.0
0022500004,c86e86cb-2124-532d-904a-8a1fb5d702e6_1280x720,player_5,1.88,3.2
0022500004,c86e86cb-2124-532d-904a-8a1fb5d702e6_1280x720,player_6,2.76,3.52
0022500004,cc1eb598-0501-a62f-d987-c9e0d3913d13_1280x720,player_0,5.32,7.28
0022500004,cc1eb598-0501-a62f-d987-c9e0d3913d13_1280x720,player_2,4.08,4.84
0022500004,ccd631be-69f7-6bab-50a1-9e24abf187a3_1280x720,player_4,2.76,5.08
0022500004,ccd631be-69f7-6bab-50a1-9e24abf187a3_1280x720,player_6,4.96,5.88
0022500004,cd7c212d-59a6-5ae8-e23f-bff49cb51132_1280x720,player_7,3.56,4.52
0022500004,cf161413-b9fc-a3e6-0c5b-6f414aa3f435_1280x720,player_5,6.08,7.8
0022500004,d4488e72-af3e-e50b-c6a1-d1f202f662b6_1280x720,player_0,4.28,5.08
0022500004,d4488e72-af3e-e50b-c6a1-d1f202f662b6_1280x720,player_4,6.2,8.32
0022500004,d494f7a3-f7d5-7106-7106-ad0f51639dba_1280x720,player_3,3.68,4.96
0022500004,d494f7a3-f7d5-7106-7106-ad0f51639dba_1280x720,player_4,2.52,3.84
0022500004,d597d7ab-c365-b9fb-ce3f-22ae4a459a61_1280x720,player_4,5.6,7.76
0022500004,d597d7ab-c365-b9fb-ce3f-22ae4a459a61_1280x720,player_8,7.64,8.96
0022500004,d9f9d252-a5db-91c6-c82a-28b991202305_1280x720,player_1,6.2,8.56
0022500004,dc93cd61-1e8e-dd6e-1973-1f7e0c84d26f_1280x720,player_7,2.72,4.08
0022500004,dd120c14-9a01-b9ff-6891-efbdf9b83954_1280x720,player_2,5.56,7.04
0022500004,ddb80d60-dbf8-ca8e-9334-5aa216acc2ad_1280x720,player_0,1.12,2.56
0022500004,e124b1b7-e8c9-caa5-d053-405cc816ef38_1280x720,player_6,1.44,3.16
0022500004,e162fd67-e58d-10f6-4571-599cf2c135b6_1280x720,player_1,1.8,3.6
0022500004,e162fd67-e58d-10f6-4571-599cf2c135b6_1280x720,player_7,4.32,6.64
0022500004,e1bed9e3-e18d-e6b3-9831-1648a79d3e32_1280x720,player_8,7.72,8.68
0022500004,e2bc66fd-485e-3884-259d-63d2183380aa_1280x720,player_1,2.68,3.16
0022500004,e2bc66fd-485e-3884-259d-63d2183380aa_1280x720,player_9,4.6,6.92
0022500004,e361a4d9-60e2-c6d4-ace0-7a5c89e97424_1280x720,player_6,5.16,7.12
0022500004,e86b24bd-cbec-33e1-a6b4-a2251b67b065_1280x720,player_2,4.4,5.76
0022500004,e9850d88-dcb5-6c96-1539-7073f5907b04_1280x720,player_6,7.12,8.88
0022500004,ec41f79a-edeb-c326-57c8-b8ba893c8dcf_1280x720,player_4,0.0,5.48
0022500004,ec41f79a-edeb-c326-57c8-b8ba893c8dcf_1280x720,player_5,5.12,6.56
0022500004,ecaa4468-1af3-f6fc-4b25-a99b83f84a29_1280x720,player_2,3.28,4.36
0022500004,ecaa4468-1af3-f6fc-4b25-a99b83f84a29_1280x720,player_5,7.24,7.92
0022500004,ed6a02f8-0b5e-e185-1de7-979a7a8f4b52_1280x720,player_3,1.48,2.88
0022500004,ed77e57c-3bfa-9803-e2c5-98d4cf1b135d_1280x720,player_2,6.32,8.08
0022500004,edac214f-687d-4d7c-17d5-d09ba0858e60_1280x720,player_4,3.36,4.04
0022500004,edac214f-687d-4d7c-17d5-d09ba0858e60_1280x720,player_8,4.76,6.6
0022500004,f87cc0c9-13bd-fc2e-9766-bd59cb3a3e6d_1280x720,player_1,6.32,7.56
0022500004,fb78d4ce-c63a-78a2-4b0f-1139395729de_1280x720,player_0,5.72,6.72
0022500004,fc15fae0-a0c6-ede3-9c43-3a186ce12ac6_1280x720,player_2,3.72,5.08
0022500004,fc991922-49ca-6896-9e4a-41e1625efaf0_1280x720,player_0,5.96,7.32
0022500004,fca42145-415c-4d71-3f55-8a350eeca9c9_1280x720,player_1,7.8,10.44
0022500004,fccfbc89-0258-ddfb-ef69-5932b615cac6_1280x720,player_4,3.72,5.28
0022500004,fce35d94-c92c-dc22-88f5-ab2a75bbc79e_1280x720,player_2,2.8,3.68
0022500004,fce35d94-c92c-dc22-88f5-ab2a75bbc79e_1280x720,player_5,4.72,6.44
0022500004,fdca6a58-c7d9-881f-fd00-bca72ec67cd4_1280x720,player_3,0.0,4.12
0022500004,fe0ac4ad-4cf9-9370-bd8e-302a7bef59d5_1280x720,player_5,6.24,7.44
0022500004,fe5d5abb-0c70-bfc7-6ab7-532aaeed4666_1280x720,player_2,2.16,3.16
0022500004,fe5d5abb-0c70-bfc7-6ab7-532aaeed4666_1280x720,player_6,5.2,6.84
0022500006,02cc22ed-8ed2-ee70-88de-e7b266b0df66_1280x720,player_2,5.72,7.76
0022500006,02cc22ed-8ed2-ee70-88de-e7b266b0df66_1280x720,player_4,4.48,5.4
0022500006,0654dcd3-c759-bf4f-39b3-02f3b2772d60_1280x720,player_0,3.84,5.28
0022500006,07036ee5-f5cc-64d9-2f35-7867465ed918_1280x720,player_2,5.8,7.8
0022500006,0a0046be-6c20-b024-e802-f372758a47c9_1280x720,player_6,2.32,3.72
0022500006,0a0046be-6c20-b024-e802-f372758a47c9_1280x720,player_8,2.32,3.56
0022500006,0d3e55f8-2fd6-3dbb-8e97-65574b8ff63a_1280x720,player_5,0.0,5.88
0022500006,0d41a157-c938-e1eb-654b-d4b9f04a6716_1280x720,player_2,4.2,4.76
0022500006,0d41a157-c938-e1eb-654b-d4b9f04a6716_1280x720,player_7,5.2,7.28
0022500006,0dc31e4f-a267-07e0-86c4-e377f195cddd_1280x720,player_5,2.36,4.84
0022500006,0eebeaba-d949-c387-a45e-b8a8a6c0951d_1280x720,player_10,5.56,6.8
0022500006,15181a7b-86cc-e30f-23ab-3c31db1b98d4_1280x720,player_1,7.4,8.48
0022500006,15181a7b-86cc-e30f-23ab-3c31db1b98d4_1280x720,player_7,8.64,9.92
0022500006,1587d77b-c162-384d-d97a-aa2d45c8e1b9_1280x720,player_4,0.0,2.12
0022500006,1c75ce98-7503-38b3-2474-4653ed2281e7_1280x720,player_2,6.52,8.48
0022500006,24d23389-d031-ba9e-d520-269cdf1d7bea_1280x720,player_7,6.52,8.32
0022500006,278ad6ea-0aab-c643-b021-3c290975b4e9_1280x720,player_2,1.68,3.0
0022500006,29d6c83b-d164-da3d-66d5-ab049eb7d811_1280x720,player_9,3.24,5.28
0022500006,2a8793ef-4476-a468-a259-c65368cb21c1_1280x720,player_6,5.4,7.2
0022500006,2de7ceb1-3ca2-d51f-6854-9a252fe0dd0e_1280x720,player_1,5.52,7.04
0022500006,2f8ea8ec-a6b6-2f5a-3cc3-b7b1f1c619e7_1280x720,player_1,5.96,6.96
0022500006,354f0e76-2c71-684c-4aa4-b995e3e9bd64_1280x720,player_3,6.92,7.92
0022500006,354f0e76-2c71-684c-4aa4-b995e3e9bd64_1280x720,player_8,7.0,8.16
0022500006,3a0650bd-6805-ec7a-8b47-047baa8e0d07_1280x720,player_2,5.16,5.88
0022500006,3d7e8314-c233-037c-0c51-060da314b7bd_1280x720,player_8,6.36,8.64
0022500006,44d1ef0c-7041-eef4-fc91-ee718daa60d5_1280x720,player_0,5.32,5.96
0022500006,4fc2de66-1447-9e5b-d050-764d36982f6c_1280x720,player_2,7.04,7.88
0022500006,51149c64-e991-ed34-5b98-bea85f9cc2e7_1280x720,player_0,5.04,5.88
0022500006,565b08bb-fa48-f2aa-229b-f4095fc3bc78_1280x720,player_6,3.68,4.28
0022500006,605076f8-7771-3643-a443-bd692df725e9_1280x720,player_4,2.0,2.92
0022500006,62d09d95-c3cc-d0ef-dcf0-6994643017a8_1280x720,player_1,1.2,2.08
0022500006,6c85e9c7-0dac-7378-5af7-40f44650d55f_1280x720,player_5,4.84,6.04
0022500006,6f64ad13-34e5-5029-3b6a-d8d37ef71390_1280x720,player_9,6.68,8.6
0022500006,7027a711-9003-d523-a852-8066a73f37c5_1280x720,player_5,6.12,7.24
0022500006,712f2286-d8ca-bc43-3666-ab0b1b5097d4_1280x720,player_3,4.12,5.84
0022500006,80323a2c-880f-1ff0-4c37-36419ee8c52d_1280x720,player_2,2.6,3.24
0022500006,82bef82c-44df-0c94-b56a-24045a01e274_1280x720,player_2,8.32,10.36
0022500006,846b357b-2194-ddba-07a3-a6ab195fda7c_1280x720,player_4,3.8,4.8
0022500006,860448ba-ad7c-8e32-b9a2-11856cd920ed_1280x720,player_3,0.0,5.84
0022500006,889c4663-d1e4-e157-0b52-be458bf1ae36_1280x720,player_3,1.88,4.28
0022500006,912d4893-b000-acf5-c108-79ec9b305771_1280x720,player_0,4.72,5.8
0022500006,94a8f5e8-6620-d005-85ae-405391e125ff_1280x720,player_6,5.16,6.8
0022500006,987d40b9-8d0a-f1f4-4732-4622d299ff83_1280x720,player_8,4.44,6.88
0022500006,9d05b2ab-6637-f2e8-1395-dd5a906fe39f_1280x720,player_1,4.16,5.04
0022500006,9e9d3c81-b7b2-1fa0-aa09-a4f36e1c59cd_1280x720,player_0,5.52,6.16
0022500006,9f4649d3-57ef-7c39-60dc-547a10aa354d_1280x720,player_5,0.0,6.2
0022500006,a106fe40-c617-ed77-c003-84553afa0743_1280x720,player_4,4.84,7.08
0022500006,a45b29ae-a50c-6a9f-daec-ccc7286ad522_1280x720,player_7,4.36,5.8
0022500006,a66535ab-d71b-288c-c601-bae5af979386_1280x720,player_7,3.36,5.0
0022500006,a93f3555-61d5-1093-520d-b46191609ed9_1280x720,player_2,8.56,10.0
0022500006,a93f3555-61d5-1093-520d-b46191609ed9_1280x720,player_5,8.92,10.32
0022500006,ada5b1e9-c059-1adc-2f00-cb7d0fa555dd_1280x720,player_1,3.48,5.16
0022500006,ada5b1e9-c059-1adc-2f00-cb7d0fa555dd_1280x720,player_6,8.76,9.76
0022500006,b26cc2f0-30ad-af6c-7d90-6e4e6819913a_1280x720,player_1,2.44,4.08
0022500006,b824288d-0d5a-3f5a-f1ae-eced1b6c866d_1280x720,player_1,5.44,6.28
0022500006,b902d318-e247-4410-73ba-798077b45682_1280x720,player_1,3.8,4.8
0022500006,bb466673-d415-e2f0-2630-ca4a5e126e82_1280x720,player_10,6.36,7.52
0022500006,bb800fa0-90ee-3808-0912-bcfe05b4aa39_1280x720,player_0,2.04,3.92
0022500006,c185aaee-0a4f-5bd2-8101-5dea8e113527_1280x720,player_6,1.72,3.04
0022500006,c29a1315-7002-d9d3-28e6-e8ca57362f36_1280x720,player_8,5.52,7.4
0022500006,cbce95ea-ebce-ae30-9026-35c71267ad6e_1280x720,player_5,2.56,4.2
0022500006,cf8e9ee8-f05a-9e16-9c64-14bd03fad2f4_1280x720,player_7,6.04,7.6
0022500006,d3a28fc7-02fa-1d86-9f0c-b5b5b2b464cc_1280x720,player_9,5.4,7.24
0022500006,d586fc3f-803e-ab11-425f-76e050b65fa5_1280x720,player_3,3.4,4.24
0022500006,d5a75216-8276-38e0-ea3b-1e69c8c57da0_1280x720,player_3,7.16,8.32
0022500006,da9291f6-c2c3-9e8e-7d70-e0a2d04d1a40_1280x720,player_2,4.08,4.96
0022500006,dd94ea38-80be-3491-2195-f56e10bcc97f_1280x720,player_4,3.64,5.56
0022500006,dded3312-2804-a0a9-e6f7-02310091b7ce_1280x720,player_7,1.2,1.6
0022500006,e642ca7f-0c81-6d12-728d-0ccaa634983b_1280x720,player_0,6.56,8.04
0022500006,e841c391-36dc-179b-b0b9-ffab803f2352_1280x720,player_4,0.0,5.08
0022500006,e943156f-ef07-a3dc-cab8-c3b986949c31_1280x720,player_6,3.68,4.36
0022500006,eb653b41-13dd-956e-50d2-67f181cb21b5_1280x720,player_5,7.08,8.08
0022500006,f37c46f2-a92d-8282-0fee-186696c9686a_1280x720,player_7,4.52,5.48
0022500006,f5fa4dd8-cc15-71a4-43bb-63d61df00f21_1280x720,player_2,4.8,6.32
0022500006,f61c180b-a80f-1cfc-ae58-99f88101d67d_1280x720,player_2,6.04,6.88
0022500006,f7b4f7ea-bf72-0b30-53e3-2f07fc5077ea_1280x720,player_7,3.36,4.0
0022500006,f96a19eb-96bd-a711-a385-41af342425c1_1280x720,player_6,4.64,5.88
0022500006,f9d48803-2b48-d03a-a37c-c73fa71f65d9_1280x720,player_6,5.72,7.88
0022500006,ff5f7d93-dee8-5a4a-c532-d9b016539f45_1280x720,player_3,4.68,5.88
0022500006,ffbdfd82-9065-fb01-1132-dea638a92479_1280x720,player_0,0.0,3.2
0022500007,01c086f7-21f0-0ef7-5b0f-d68cbfd6a266_1280x720,player_3,3.72,4.6
0022500007,034a0d3a-3c63-408a-0a99-49bdecbba9cb_1280x720,player_3,0.0,7.4
0022500007,088aca64-26ca-8971-87c5-566033a790a5_1280x720,player_0,5.92,6.92
0022500007,088aca64-26ca-8971-87c5-566033a790a5_1280x720,player_2,6.28,7.24
0022500007,0a911b31-0f9a-05c8-3cb2-81d7b9e43351_1280x720,player_5,1.8,4.68
0022500007,10cad25d-6415-d839-f169-85d41ac9d917_1280x720,player_0,3.68,4.68
0022500007,10d3e22f-6fce-0cc7-f92f-9962ff660ba6_1280x720,player_6,4.48,7.0
0022500007,129e3ed9-feb5-f7e7-d2fe-0898dac91e11_1280x720,player_3,4.0,5.84
0022500007,12c18cb4-620c-e4fd-6604-ad823b40a7fb_1280x720,player_0,5.24,6.28
0022500007,14089d96-2dfd-0954-8707-821c8a102067_1280x720,player_4,4.4,5.52
0022500007,16c5860f-1042-0cba-4146-75f72d0aa859_1280x720,player_3,0.0,6.92
0022500007,18af15e8-4c9d-b630-a77d-eedd945b5b6f_1280x720,player_2,2.68,4.88
0022500007,18af15e8-4c9d-b630-a77d-eedd945b5b6f_1280x720,player_4,2.92,4.28
0022500007,1b924bb0-95b9-f0c8-c537-a013b9575174_1280x720,player_6,4.32,5.76
0022500007,2111ff52-b16f-d7e2-5f74-e462f75257a0_1280x720,player_2,5.16,6.88
0022500007,223b00d4-7fe3-423f-a8d2-4cad14abfbc9_1280x720,player_3,4.48,6.16
0022500007,235f0d20-9d94-7016-e1b1-001edec8d6ed_1280x720,player_9,3.04,4.52
0022500007,341f482d-61ee-8c7e-4d37-e5212a234063_1280x720,player_5,4.56,5.44
0022500007,36db8cd8-2b6b-07a8-b621-cca4a9203e94_1280x720,player_10,1.84,2.76
0022500007,3a2d42b6-1828-251c-ddfb-0458b1963501_1280x720,player_2,4.52,6.2
0022500007,3e96a868-b542-4de3-9820-6b516d9bde5b_1280x720,player_2,8.12,9.36
0022500007,410b9d8d-8cac-6bf2-7214-09ea30c78999_1280x720,player_1,2.32,3.08
0022500007,44ce61b1-6244-5202-7c02-62b536e3ecae_1280x720,player_7,1.4,2.36
0022500007,49132ab7-728e-a34e-665a-bc3e36b70059_1280x720,player_4,4.32,5.28
0022500007,4ab2bf62-e22d-e188-96cc-1380a2dc529c_1280x720,player_4,0.0,5.24
0022500007,4aba5b1e-3351-7c0f-12b6-36b29a053d86_1280x720,player_3,6.96,8.4
0022500007,4cc3e7c6-169f-1063-642d-381de2692fd3_1280x720,player_7,6.4,7.32
0022500007,568814e2-f50d-c832-5a9d-80b45ff25c97_1280x720,player_2,5.8,6.64
0022500007,573332a2-dbdd-f569-b852-7d8824527fb1_1280x720,player_3,4.2,5.28
0022500007,5dfb34c7-1602-e3f3-99ed-b8da35e09661_1280x720,player_7,3.52,4.52
0022500007,5e0d752e-d95c-b43d-d3cc-f95066200017_1280x720,player_0,4.44,5.88
0022500007,5e0d752e-d95c-b43d-d3cc-f95066200017_1280x720,player_5,4.64,6.76
0022500007,641c8847-2fe5-beb2-1d4e-11f8e95af415_1280x720,player_1,3.24,5.36
0022500007,6951268d-6c81-d30e-0093-58bdf80c8af4_1280x720,player_4,5.76,7.24
0022500007,74ac622b-d7fc-90a0-3a56-f8f6b441f104_1280x720,player_2,5.6,6.4
0022500007,7680f3e8-ff62-9a25-f5b5-4506a99d628f_1280x720,player_1,5.84,6.96
0022500007,7d374d15-53e7-e234-0236-bcb0c4073878_1280x720,player_1,3.32,4.2
0022500007,7d3bac38-ed4a-c817-2ea8-3cb68bb15640_1280x720,player_6,4.64,6.24
0022500007,7d3bac38-ed4a-c817-2ea8-3cb68bb15640_1280x720,player_8,4.68,6.32
0022500007,87e14d6c-04de-8d73-44d8-d93de5c6a241_1280x720,player_0,4.64,6.08
0022500007,87e14d6c-04de-8d73-44d8-d93de5c6a241_1280x720,player_6,4.32,5.24
0022500007,88d9b3ba-42a2-94de-c0c9-e79edcbee95e_1280x720,player_1,0.0,5.76
0022500007,8b111356-60d9-fe43-89fc-2b67be2f3a8d_1280x720,player_7,5.4,6.68
0022500007,8b9b6737-ccdc-052d-1648-c1c47aaea647_1280x720,player_0,0.0,4.2
0022500007,8c761a70-d65b-2f8c-84da-592ac98d5143_1280x720,player_9,3.72,4.92
0022500007,8dae7b5c-4609-c8a5-5322-801e1973b5a5_1280x720,player_2,3.2,4.44
0022500007,9d180f31-0029-f075-7bf0-7db591a95960_1280x720,player_9,5.36,6.96
0022500007,a7c3cdca-209c-5bbd-a8fc-aeecabfa144b_1280x720,player_6,2.64,4.0
0022500007,a88983fe-4607-c342-718d-8a336591d097_1280x720,player_0,0.0,2.8
0022500007,ac4dba7a-9467-95bf-5aeb-74612a0ba762_1280x720,player_4,4.48,5.32
0022500007,af4998b1-d208-cf87-05aa-c06c0d862964_1280x720,player_5,4.16,5.52
0022500007,b1a68157-9918-0f16-ae29-ebc5a2e50658_1280x720,player_4,5.6,7.2
0022500007,b5270e82-304a-8d84-5f5f-a5f7e3cfc375_1280x720,player_0,3.2,3.88
0022500007,b92eef79-f182-bfaa-047e-8b613c3abf7b_1280x720,player_7,5.64,7.12
0022500007,bcb53eaa-e541-7676-359f-36c77d3aadb2_1280x720,player_3,0.6,2.0
0022500007,c1619d3f-9eee-8625-8335-0b8b6419a7ac_1280x720,player_7,3.96,5.52
0022500007,c48d1b86-14ab-66ca-4930-f552421177fb_1280x720,player_3,6.76,8.36
0022500007,c48d1b86-14ab-66ca-4930-f552421177fb_1280x720,player_10,6.56,8.16
0022500007,c79f7250-10e9-d457-bd7b-3eb967340fc9_1280x720,player_8,4.84,5.76
0022500007,cc91de1a-50fb-bc63-6aa2-54d2b2d45df7_1280x720,player_0,1.32,3.64
0022500007,d03b9537-94b2-cde2-6a3e-87881047b9d1_1280x720,player_4,3.68,5.64
0022500007,d04fe301-1cd9-3ae6-4a59-805527eb89c1_1280x720,player_5,4.48,6.16
0022500007,d08c2f1a-1372-ae44-5af1-d80c4162757a_1280x720,player_5,2.72,4.88
0022500007,d2837382-2d10-cddc-b46a-da367d199ec0_1280x720,player_5,5.84,6.6
0022500007,d3aca559-57f9-7f7e-f5f8-655109f69aaf_1280x720,player_6,3.8,4.96
0022500007,d5a482ac-59e8-c63b-7451-3741fcb7726f_1280x720,player_5,4.2,5.52
0022500007,d9d8a4af-efb6-107e-0cab-f0e4f46acdd0_1280x720,player_3,7.16,8.48
0022500007,da40f8d2-4338-465e-35fe-5d4004f44007_1280x720,player_1,7.16,10.08
0022500007,e24c277b-cc43-3229-37ba-07bb1781e65c_1280x720,player_3,4.76,6.36
0022500007,ed3475f4-138b-3525-e201-be9e91f82adc_1280x720,player_1,6.96,9.2
0022500007,ee591980-b450-d322-a7e2-836e1a671b8a_1280x720,player_2,4.32,6.12
0022500007,f90755e6-dcf5-677f-d2c4-c1d0cd45bac2_1280x720,player_3,1.32,2.0
0022500007,fbace7b6-430d-9583-d813-9cbb4ac28910_1280x720,player_7,0.0,5.32
0022500007,fc5a892d-c716-e249-9958-b865344c0e3f_1280x720,player_9,4.88,6.12
0022500008,01e1fb71-8d83-7786-af0d-50a8a394eb69_1280x720,player_2,0.0,4.92
0022500008,02aa57bf-a086-6463-db42-c6142a528bfe_1280x720,player_1,4.92,7.0
0022500008,0c4f1db1-6437-7106-c61b-6d5b5901d93e_1280x720,player_5,0.0,4.6
0022500008,0e09a8b9-7878-dc7d-7847-a9527f4eaa35_1280x720,player_0,0.0,6.84
0022500008,15058abe-d0c6-eaf6-546a-6c55f9ddd5ee_1280x720,player_6,3.84,4.56
0022500008,1a544446-68d6-eba6-0006-62683c11f484_1280x720,player_2,3.56,5.0
0022500008,1ce5eb60-dbe9-7fa3-cd79-385487f3e5ef_1280x720,player_7,6.88,8.4
0022500008,202601eb-06a5-e2e4-0dab-4ed18d439227_1280x720,player_5,3.72,5.28
0022500008,212cf20f-6536-5dd7-daf2-ced559e1aee3_1280x720,player_0,5.32,6.72
0022500008,26925676-a892-e770-d2dc-806958aeaaa2_1280x720,player_7,2.08,3.0
0022500008,38eb792c-a31c-1e8e-a4a6-14cdf4949c91_1280x720,player_2,1.96,3.68
0022500008,3b13bdd7-719a-cf0e-254a-7028a2489b5b_1280x720,player_6,5.28,7.32
0022500008,432a2fb3-cefb-78de-806a-0b354c4ddb0e_1280x720,player_2,7.72,9.92
0022500008,45dc5fa0-9259-5db4-c5c4-78c4ba0c8d01_1280x720,player_3,4.12,5.08
0022500008,46e7971a-aceb-5c53-cb75-6443449fd284_1280x720,player_0,0.0,4.16
0022500008,4a78bb3e-81a8-6444-16ce-007daf764b5a_1280x720,player_4,3.12,5.04
0022500008,4bfd2e6e-0b69-9cf8-31a6-8ab3d87ba0f7_1280x720,player_4,0.0,5.52
0022500008,4bfd2e6e-0b69-9cf8-31a6-8ab3d87ba0f7_1280x720,player_6,0.0,5.64
0022500008,4d902765-116c-a988-4663-5f9e5e8d0c66_1280x720,player_3,3.56,4.36
0022500008,5127b0f3-f83f-c40a-5ac6-052c17b83ebe_1280x720,player_3,1.16,2.08
0022500008,553650a9-fd80-b128-ef34-8a8a1be6479c_1280x720,player_1,5.68,7.32
0022500008,5a8915b6-0241-2d69-198c-e5a3a073a3aa_1280x720,player_4,0.0,3.84
0022500008,638a6574-3ca3-d834-a3d6-7433e48da8c5_1280x720,player_2,1.28,5.92
0022500008,67868afc-0d3f-dfaa-bcf6-124fc232c948_1280x720,player_3,4.72,6.4
0022500008,69d25609-3a75-f630-bc1b-0231391c5385_1280x720,player_1,4.48,5.6
0022500008,6bd6034e-b356-3c77-4bf4-aa4355bf0ce5_1280x720,player_2,1.2,2.36
0022500008,6df83a6b-77c2-3c1f-9104-7ff2f02ab036_1280x720,player_7,0.0,3.36
0022500008,7315dd47-dedd-2a84-fa90-ea52df480417_1280x720,player_5,4.2,6.72
0022500008,7315dd47-dedd-2a84-fa90-ea52df480417_1280x720,player_8,3.6,5.72
0022500008,7347a33f-2c10-4758-8fe7-312a5cc1fd01_1280x720,player_3,4.64,7.36
0022500008,73edfb07-f51a-b67c-bd54-7d0e25a0e015_1280x720,player_4,3.16,4.32
0022500008,7c202081-ab1c-d74d-a44f-c025ac64260a_1280x720,player_1,0.0,6.68
0022500008,826938ed-8250-f31b-0183-7093f4a8d884_1280x720,player_1,3.44,4.8
0022500008,8307af42-43e4-f4f6-8002-60d24d0e2402_1280x720,player_6,5.6,7.24
0022500008,866c1942-07ed-6047-911a-1e16d6640ca5_1280x720,player_5,9.44,10.48
0022500008,8a23a84b-f43f-1929-1bae-9b39fd2d9c8b_1280x720,player_4,4.4,5.16
0022500008,9063e7a5-ed11-dc5e-4748-d3acb43a0290_1280x720,player_0,4.48,5.68
0022500008,929bb84a-a570-b4b3-24f8-1a9c9b35aab8_1280x720,player_4,4.64,6.28
0022500008,93b1d23e-0c50-b412-a31b-50d97d46d581_1280x720,player_4,5.72,7.44
0022500008,a605235b-82ea-ecb6-0a86-aed0ba5e5b7c_1280x720,player_4,4.4,6.0
0022500008,a88ad111-daf9-3e04-88dd-a7619f67a6e3_1280x720,player_0,3.24,4.84
0022500008,a88ad111-daf9-3e04-88dd-a7619f67a6e3_1280x720,player_4,3.48,5.16
0022500008,ab082aa3-1458-03c7-31fc-a35c3ef03569_1280x720,player_3,0.0,6.04
0022500008,abebbf56-81c9-171e-0ee2-10d927858d5c_1280x720,player_3,5.44,6.8
0022500008,adf3bb52-6af3-5219-533f-32cebd01ed7b_1280x720,player_1,4.8,5.48
0022500008,bbdaccbf-0b80-3931-7b34-05eec9f5db6a_1280x720,player_0,0.0,2.6
0022500008,c33534e7-b632-e033-9a6e-db0cf0a467c4_1280x720,player_0,3.76,5.68
0022500008,c3c77d1a-a7e7-07b8-7742-464d49ffffbd_1280x720,player_2,0.0,3.76
0022500008,ddc30273-370a-0726-e719-732579c802bd_1280x720,player_1,0.0,4.04
0022500008,e74787bb-fea6-2a4b-46bd-fcc6bd93600f_1280x720,player_3,0.0,3.84
0022500008,ea5c1305-945a-e43c-0e37-7ef0ebdc9396_1280x720,player_4,4.76,7.48
0022500008,ebeb6871-b785-44a8-296a-454acb34c84d_1280x720,player_1,1.92,5.28
0022500008,ee9099fa-80bd-20f0-0e2f-bb7badcc81fe_1280x720,player_7,4.36,6.4
0022500008,f20d3641-56cc-0f49-dcab-94da60cb0947_1280x720,player_1,0.0,3.0
0022500008,f4b170b5-b793-6c1f-5b96-c45b88746c2d_1280x720,player_1,0.0,4.48
0022500008,fec3a1c4-4582-0b28-20d2-c4b7fa7fe32b_1280x720,player_5,0.0,7.92
0022500019,01dc93af-0b2d-a134-e867-444e7c9f62d1_1280x720,player_4,4.88,6.72
0022500019,03f2ff03-9981-746f-58b6-9434eaf99cc3_1280x720,player_3,0.0,3.64
0022500019,350a7165-2d21-a3df-3d6f-7a863312b187_1280x720,player_1,0.4,2.64
0022500019,350a7165-2d21-a3df-3d6f-7a863312b187_1280x720,player_3,1.16,3.52
0022500019,40d35d59-fc0c-3f37-78e6-50440b53ac48_1280x720,player_5,7.12,8.12
0022500019,48412695-8799-05e2-a7fe-f368d3b8801e_1280x720,player_1,8.8,9.84
0022500019,4ac1ec1a-2315-ca7b-cbef-ea4654bdaafb_1280x720,player_4,3.2,4.92
0022500019,6192aeda-f2fe-882a-cd9a-20c9654f8ccc_1280x720,player_8,5.84,7.2
0022500019,7c52860d-9264-98c9-615c-87e7e65233b7_1280x720,player_0,3.16,5.32
0022500019,7c52860d-9264-98c9-615c-87e7e65233b7_1280x720,player_2,6.12,7.6
0022500019,7c52860d-9264-98c9-615c-87e7e65233b7_1280x720,player_5,4.88,6.8
0022500019,85673208-80ed-e59b-e40c-a4eb97572265_1280x720,player_7,1.92,2.96
0022500019,8a67f7ee-361d-c0d3-d079-90385ea4fe3c_1280x720,player_11,4.8,5.96
0022500019,9261d92e-9ce4-d7ad-1353-fbbe8de5e746_1280x720,player_5,0.0,2.12
0022500019,95506f85-68fb-187d-31f9-ddd42375f5a3_1280x720,player_6,0.0,4.32
0022500019,9c595cdc-75ad-6100-72e3-390781f6df7e_1280x720,player_0,0.0,6.08
0022500019,9f1bd4b1-fecf-6cee-83fa-4556ee370f86_1280x720,player_4,1.6,3.36
0022500019,b28289c5-0ce1-c97a-a12e-732d9202ee53_1280x720,player_1,6.0,7.16
0022500019,b28289c5-0ce1-c97a-a12e-732d9202ee53_1280x720,player_7,6.36,7.72
0022500019,b6464c10-b6fa-e3fa-9eb5-b2b59675f0ad_1280x720,player_9,4.36,5.64
0022500019,b746dc70-2477-dc23-54d4-a720df751da5_1280x720,player_0,4.96,6.72
0022500019,b746dc70-2477-dc23-54d4-a720df751da5_1280x720,player_3,5.52,6.76
0022500019,b7a83c06-ba93-520f-6563-bfeb4b55533f_1280x720,player_9,4.84,6.0
0022500020,0b4e50b8-678c-22c5-0e16-1df916edbe6b_1280x720,player_5,4.08,5.56
0022500020,1d01744d-546e-3bcd-0f15-b6102b7c5b76_1280x720,player_1,6.6,9.76
0022500020,1d01744d-546e-3bcd-0f15-b6102b7c5b76_1280x720,player_5,9.0,10.08
0022500020,25d7312f-453e-2f3e-7cc9-161961da2d36_1280x720,player_1,6.8,8.92
0022500020,3602b3b6-73a4-f1cc-5a92-f09d94e7ebf9_1280x720,player_0,0.0,6.96
0022500020,3979a9d6-f4bb-6c6e-5600-b04010fe7c2a_1280x720,player_3,3.16,4.08
0022500020,3b4ce916-9a04-ae56-15af-4682e1838dbc_1280x720,player_7,0.0,5.44
0022500020,4401edba-564e-2ec5-dba4-da8d276851fc_1280x720,player_4,0.0,3.64
0022500020,5c599aef-933b-aef4-7418-fdb4e7b97c19_1280x720,player_2,5.56,6.92
0022500020,5d1228f8-d190-b3a6-3a10-51a69ef24844_1280x720,player_1,0.0,4.24
0022500020,69242dc9-18fe-23fa-a465-66d824abf117_1280x720,player_2,0.0,3.64
0022500020,6ac4d416-7c5d-3078-cf8a-e261fc6cb849_1280x720,player_6,0.0,3.56
0022500020,7976bd7c-c9d2-e360-adf2-37d5b7b24a0a_1280x720,player_0,0.0,9.48
0022500020,800c6f5a-ad8c-54d6-6bc9-076906425819_1280x720,player_1,4.48,6.48
0022500020,800c6f5a-ad8c-54d6-6bc9-076906425819_1280x720,player_3,4.84,6.12
0022500020,815d2801-7ea3-215e-128e-e1bbaef74b27_1280x720,player_1,0.0,3.76
0022500020,95a59562-9270-4e8a-33d3-83de0d1ca0d4_1280x720,player_4,0.0,6.84
0022500020,9ee5d3ce-df27-23da-b4a7-3ae5dca2e750_1280x720,player_0,4.6,5.52
0022500020,a8a78f5e-7182-6364-6b3d-8223b713ec0b_1280x720,player_0,6.84,8.12
0022500020,d5fd4e2f-538b-7a93-4617-8cb8614d4b0e_1280x720,player_0,0.0,6.84
0022500020,d790ac87-a4be-b713-42cd-b6ec861ec459_1280x720,player_1,3.64,5.32
0022500020,fe013be9-eac8-c442-f8be-a1aa86f3b583_1280x720,player_0,0.0,5.8
0022500020,fee0ab2f-867d-f605-d8fa-0fed0df36d5e_1280x720,player_5,1.44,2.4
0022500021,06fbcdf3-8fe6-46b8-0667-5ffb9c0ea5bf_1280x720,player_2,5.8,7.24
0022500021,0aa5c746-8559-bbe8-838b-15413a838cea_1280x720,player_0,5.96,7.2
0022500021,40c8fee1-6e71-d4d3-f632-a68c2ed712f3_1280x720,player_6,0.0,3.8
0022500021,5e489f9e-c49a-a425-1c34-12b37f071fa7_1280x720,player_2,0.0,4.32
0022500021,75ce1cd6-3af3-e12b-8b8b-b1e0f56f36d4_1280x720,player_5,8.2,9.24
0022500021,75ce1cd6-3af3-e12b-8b8b-b1e0f56f36d4_1280x720,player_8,8.72,9.76
0022500021,8700c5aa-8935-adb0-35fd-0c43360f6afd_1280x720,player_0,5.8,7.36
0022500021,911c52e2-cb3c-74e1-4b26-164da65fca37_1280x720,player_1,3.76,5.28
0022500021,911c52e2-cb3c-74e1-4b26-164da65fca37_1280x720,player_5,3.68,5.16
0022500021,9e413b02-dd18-294e-0ee5-3cf1ef0c612e_1280x720,player_2,6.08,7.32
0022500021,c20908f2-fdfd-fddc-a44b-64a6d002d805_1280x720,player_6,1.76,2.8
0022500021,cea7df80-a084-7c89-6969-289e9f6a3ee8_1280x720,player_4,0.0,1.6
0022500021,fd500071-bb98-5338-6af5-bea13ac5e4ad_1280x720,player_3,3.88,5.2
0022500021,fd500071-bb98-5338-6af5-bea13ac5e4ad_1280x720,player_5,4.88,6.36
0022500022,128c572a-7ae9-8e1f-a3ea-973846f80dc7_1280x720,player_2,7.12,8.44
0022500022,23d8d4f4-6fff-7dd8-5af9-acdd992f7700_1280x720,player_0,0.0,3.52
0022500022,68de269f-dc03-f77f-01c6-f8f978729166_1280x720,player_4,0.0,4.12
0022500022,6ecfca93-0a1e-d212-c9c4-157c0cce24e8_1280x720,player_1,6.52,7.6
0022500022,6ecfca93-0a1e-d212-c9c4-157c0cce24e8_1280x720,player_7,6.08,7.32
0022500022,77fa3294-a805-7d0f-4568-594b3f845848_1280x720,player_0,7.44,9.12
0022500022,a6b5c40c-6e7e-5c3b-f2b0-f5d1556fd2f5_1280x720,player_0,4.44,5.96
0022500022,ab99a48c-292a-5953-a634-6ebbdca28ed6_1280x720,player_4,0.0,3.64
0022500022,aee78b73-5f0c-04d8-d76e-034e6f71a873_1280x720,player_2,6.0,7.16
0022500022,b1596ce3-4311-7ccf-d8c3-9e68d3c6e359_1280x720,player_0,5.96,7.24
0022500022,b1596ce3-4311-7ccf-d8c3-9e68d3c6e359_1280x720,player_1,3.28,5.56
0022500022,c37907ef-045c-febc-8ee1-9c4ec40391b6_1280x720,player_3,0.0,3.08
0022500022,c6593c93-6c7d-ecf1-0ddf-4f608d4596cd_1280x720,player_5,5.44,6.6
0022500022,d544d9bf-7233-35d8-2a61-b89cc0443481_1280x720,player_0,0.0,4.92
0022500022,da5adcfb-3bf9-1491-5b9b-d67759d046e5_1280x720,player_0,0.0,3.32
0022500022,ec679370-b100-5c0a-25c7-bf13ee6b523f_1280x720,player_0,5.92,7.24
0022500022,f22677a2-b67d-769b-733e-a21a3b555be7_1280x720,player_8,0.0,5.4
0022500022,f2a7e07f-da0c-920a-8e33-70abe314aebe_1280x720,player_2,0.0,4.28
0022500022,fbf3de69-6ff1-d801-288a-06d7bec487a0_1280x720,player_8,9.4,11.96
0022500023,00fd544d-0ea5-85a3-4623-442ec2e11a2a_1280x720,player_7,2.44,4.16
0022500023,02763f88-67e2-6bf4-a52e-da1da9b40659_1280x720,player_3,0.0,5.36
0022500023,07fe7add-83d0-081f-96a4-974c27cdfb3a_1280x720,player_6,0.0,5.84
0022500023,10768380-374a-de2c-b6c6-c62e7f347810_1280x720,player_0,3.72,4.68
0022500023,11deed7d-3499-27d9-4f83-a66b765cdf6b_1280x720,player_5,0.0,3.92
0022500023,1aa5c24d-0dc8-b83f-8328-599987d17710_1280x720,player_6,0.0,6.2
0022500023,306fbe7c-6995-971d-389c-4f5adeb3381b_1280x720,player_2,0.0,5.96
0022500023,47f63c0f-af4f-c750-4863-2ac518f4e5c2_1280x720,player_1,0.0,6.12
0022500023,52311de3-2959-f0db-1668-1df7ecc19201_1280x720,player_2,0.0,5.16
0022500023,5b9a8b14-d40e-c20f-bc13-ca293ba9ffe9_1280x720,player_4,0.0,6.36
0022500023,73c19b0f-452c-179d-045f-56dd064fa695_1280x720,player_6,4.92,6.24
0022500023,7e69322e-4908-1157-ec9b-d2087a7283ff_1280x720,player_3,0.0,4.2
0022500023,92528442-e363-b259-2695-6bd82626c5d2_1280x720,player_3,0.0,3.52
0022500023,9b07ada9-2aa9-769e-5efe-2b55f765b15e_1280x720,player_8,0.0,5.8
0022500023,9d29dec9-bc27-ced2-db8a-1323206938b7_1280x720,player_3,0.0,5.24
0022500023,a74517ae-ecbb-4f80-a559-e0b3356a76e2_1280x720,player_7,4.08,6.04
0022500023,a74517ae-ecbb-4f80-a559-e0b3356a76e2_1280x720,player_8,3.52,5.28
0022500023,c2354f36-f901-3b5b-fac7-85a982798a90_1280x720,player_6,0.0,3.88
0022500023,c8060b36-0208-e5cc-56ff-c95ebb0364b3_1280x720,player_5,0.0,4.44
0022500023,cbc9def0-3c70-fb47-7d3b-6269dfaa3836_1280x720,player_4,0.0,4.24
0022500023,ce60e277-3e45-adb5-fdb3-b26b3efdb035_1280x720,player_2,5.64,6.84
0022500023,ce60e277-3e45-adb5-fdb3-b26b3efdb035_1280x720,player_5,5.72,6.92
0022500023,d556bd2f-c9a1-77e6-3424-b629cbc26a03_1280x720,player_1,5.6,6.8
0022500023,dac9756c-35da-502a-d73d-e8fcde19ba9e_1280x720,player_1,0.0,5.32
0022500023,de00422b-49ae-3c99-7795-42afe61ffb75_1280x720,player_0,0.0,4.04
0022500023,e0c79de5-c59e-3286-bc4a-efb205b078d2_1280x720,player_7,5.28,6.08
0022500023,e1625b02-3f1f-71c1-c0b5-c225a7c0061c_1280x720,player_3,1.92,2.84
0022500023,ec76363a-c59a-68d1-649a-2cdc9f2ad63e_1280x720,player_3,4.2,5.52
0022500023,f2708aab-afd0-6a00-7acb-57b2192929bf_1280x720,player_2,6.76,8.32
0022500024,0f970593-aa9c-17b8-198a-f7e9422512ca_1280x720,player_2,1.92,3.6
0022500024,0f970593-aa9c-17b8-198a-f7e9422512ca_1280x720,player_3,1.2,2.84
0022500024,32946a82-33fd-4fc8-0cd6-d2453207a560_1280x720,player_3,1.8,3.48
0022500024,6e17a3c9-8e3a-2684-e4c4-4398488ccd51_1280x720,player_1,1.4,2.72
0022500024,6e17a3c9-8e3a-2684-e4c4-4398488ccd51_1280x720,player_2,1.16,2.4
0022500024,73ef80bd-5316-45aa-e83f-3d2031814d61_1280x720,player_7,3.92,4.76
0022500024,73ef80bd-5316-45aa-e83f-3d2031814d61_1280x720,player_8,3.56,4.52
0022500024,843c8c24-aa05-ed25-1c81-d49bd97a3eed_1280x720,player_9,3.16,4.96
0022500024,b319c741-e037-e9a3-7a5a-103109613ad8_1280x720,player_5,4.36,5.72
0022500024,e40fe3e2-cab7-940b-f278-f13824026340_1280x720,player_4,0.36,2.08
0022500024,efe90638-f7e8-cf78-55ac-cb373c83da3e_1280x720,player_4,6.76,8.16
0022500024,efe90638-f7e8-cf78-55ac-cb373c83da3e_1280x720,player_8,7.32,8.84
0022500024,f38828b7-0f22-7277-e1dd-cae786d5d631_1280x720,player_4,0.0,2.08
0022500024,ff309c9a-56b9-542e-b443-36262ae48308_1280x720,player_2,6.2,7.68
0022500025,155e32db-8571-58c6-83bb-91264f5de8ca_1280x720,player_1,5.72,7.8
0022500025,2635b3db-4a9f-e4e2-c318-4f37bc4f108e_1280x720,player_1,1.48,3.2
0022500025,31714126-a56b-bc81-b8ed-291cc56c5dac_1280x720,player_7,0.0,3.72
0022500025,31714126-a56b-bc81-b8ed-291cc56c5dac_1280x720,player_8,0.0,4.24
0022500025,3a0d19ee-39d6-a308-269a-ad903c68d1ae_1280x720,player_3,4.04,5.68
0022500025,3a0d19ee-39d6-a308-269a-ad903c68d1ae_1280x720,player_4,4.64,6.08
0022500025,410243c0-8e87-b876-26c7-b9fc7a8a8f31_1280x720,player_3,5.2,6.72
0022500025,5d444664-13fa-6d7d-0410-2761437783da_1280x720,player_5,1.04,2.24
0022500025,73aa46d9-222b-c76e-7a02-9c752d66021a_1280x720,player_1,3.16,3.96
0022500025,73aa46d9-222b-c76e-7a02-9c752d66021a_1280x720,player_3,3.12,4.04
0022500025,773d04b6-c326-d618-d31d-b9d4b9feb9af_1280x720,player_4,6.04,8.24
0022500025,7ea65d7e-26d8-aeb7-fcfc-4dee0cd4777a_1280x720,player_5,3.76,5.6
0022500025,8d5cb019-8545-8dd0-6a61-0b593e77f31d_1280x720,player_6,6.44,7.64
0022500025,8efb62fe-11bf-0aae-cb9e-fa165ae47e19_1280x720,player_4,6.48,7.76
0022500025,a60e26de-2f64-a52f-625a-3da1e496bc99_1280x720,player_0,3.92,4.76
0022500025,a8cf106f-ddb9-d9e9-675d-177e476c9b47_1280x720,player_0,4.04,5.48
0022500025,d7bbfe81-0d16-6423-40c8-c6deaa88ab89_1280x720,player_9,4.88,6.52
0022500026,28d0244f-87c2-361f-a2f5-c75a1758ff2f_1280x720,player_8,4.0,5.0
0022500026,66be7501-5f1e-10ff-e5ec-4e02cf605bcf_1280x720,player_7,4.4,5.72
0022500026,a95fb7a4-3fa4-ec38-2129-27d3cb499f8c_1280x720,player_7,5.96,7.4
0022500026,f71195bf-5ae7-a95b-3c02-e62625f16316_1280x720,player_3,3.68,4.76
0022500027,0386bf49-4160-dabe-2ca4-be69a5f1093a_1280x720,player_0,2.6,3.4
0022500027,38f42c52-7dba-a935-9e82-7c77cd21b860_1280x720,player_7,5.92,7.6
0022500027,5c3d05c8-e4d6-8ef3-e4e8-56f42eecc67b_1280x720,player_8,3.24,4.44
0022500027,7aaab961-390f-ce54-2a71-b27c6629083f_1280x720,player_3,6.24,7.12
0022500027,8bb99ee8-a468-537a-e0e0-8dab762d0951_1280x720,player_6,4.6,5.88
0022500027,9cc25a97-a9a9-43fa-916c-b307106023aa_1280x720,player_9,1.16,2.16
0022500027,a44d4373-0093-c6c0-4552-f83885b98ff1_1280x720,player_3,6.12,8.76
0022500027,bf3d4586-6e98-0e3a-177f-71ecfff3cec3_1280x720,player_2,1.8,3.12
0022500027,bf3d4586-6e98-0e3a-177f-71ecfff3cec3_1280x720,player_5,1.76,2.64
0022500027,cb33b003-f6e1-1a24-ae66-8aeac694a6a4_1280x720,player_7,3.28,5.2
0022500027,d77ff8d2-2a26-3d3b-d9d2-e85a9dd7eca2_1280x720,player_2,5.44,6.32
0022500027,dc3abf7a-71dd-a900-3f7c-cf7d7686a2f3_1280x720,player_6,2.88,4.28
0022500027,e4857d42-1d73-3b94-bcff-8a2710cce2eb_1280x720,player_8,7.04,8.2
0022500027,f4aaf8b8-eefa-8a49-5600-4182bbec8e2e_1280x720,player_5,5.84,7.24
0022500028,2d45a71c-5ce0-9698-9fa7-6bee5a478bbe_1280x720,player_4,6.88,9.36
0022500028,3a71ad2c-11cf-ab6c-7fcf-12aaad15f07c_1280x720,player_0,4.24,6.28
0022500028,52bbe9fb-46dc-988e-2ae2-573179c25e5d_1280x720,player_3,1.68,2.72
0022500028,7954a718-68e9-81b3-5deb-4dd969fb3528_1280x720,player_4,6.36,7.64
0022500028,7ce15a00-9a14-5489-4aca-683396d3d907_1280x720,player_3,4.04,5.4
0022500028,8def769c-a6e0-2e00-ca61-6aea136037d5_1280x720,player_5,6.6,7.8
0022500028,a9a6c277-5155-4825-e594-e5475e7d753d_1280x720,player_9,6.32,8.24
0022500028,b8e94358-59ae-9804-da22-4741d6b29667_1280x720,player_2,2.56,3.56
0022500028,d7b2c973-3e2d-22ca-fd9f-3f014f6e8348_1280x720,player_3,7.32,8.24
0022500028,e16daf48-f519-9157-2731-97c9f592ff4f_1280x720,player_6,4.32,6.0
0022500028,ef6cd62c-653e-0d85-f881-82edf1fbe3d4_1280x720,player_3,5.8,7.0
0022500029,094d42d9-1cb4-23fb-16e2-02a2680d7f2f_1280x720,player_2,5.44,7.56
0022500029,2de364d8-f654-9202-6923-2c0fa96d143f_1280x720,player_4,6.0,7.16
0022500029,591a2454-dbca-680d-7d41-49b7a1af3d2a_1280x720,player_3,4.36,6.04
0022500029,9442dabb-6099-ec5e-d076-9b70b666ff56_1280x720,player_5,5.48,6.84
0022500029,c06920d1-1dee-0660-e265-eb25a37d4da0_1280x720,player_8,5.12,6.52
0022500030,475fcb2d-e692-ae5c-db72-f3b51b177030_1280x720,player_8,2.76,5.2
0022500030,5e24ffbe-2d52-d450-7196-6d0459a82f16_1280x720,player_2,5.8,7.48
0022500030,74e25f1c-0416-ce70-7ab5-1975010c14ba_1280x720,player_2,4.8,6.0
0022500030,78078728-7cf9-23be-d8f6-3e0571f6d974_1280x720,player_7,4.08,5.88
0022500030,9c318ac1-24e4-5669-974a-1ae9d92eef33_1280x720,player_6,4.92,5.76
0022500030,b1d70b94-2325-378a-381a-86a0a9736e04_1280x720,player_1,5.08,6.68
0022500030,c92d1852-548b-c8c9-d362-f987cdb07b14_1280x720,player_6,3.4,4.68
0022500030,cfa5d5ad-eda8-1cc0-b085-a292364a8063_1280x720,player_7,4.28,5.72
0022500030,d0f1338c-7975-198c-ac60-d0e49d326711_1280x720,player_5,3.96,6.28
0022500030,d0f1338c-7975-198c-ac60-d0e49d326711_1280x720,player_6,6.8,9.04
0022500031,882ff3de-3ac7-a22a-230a-756b1cc9478b_1280x720,player_9,4.4,5.44
0022500031,a741854b-2aab-b1bf-9a03-cbaa3505c864_1280x720,player_5,5.84,7.44
0022500031,d849d3b1-da91-b313-fea5-f2e317ba0119_1280x720,player_7,1.8,3.48
0022500031,f6984659-0581-ea0e-d1fb-4edae11cfdea_1280x720,player_7,4.96,5.88
0022500032,23828f21-85ab-8e0b-87cc-ae98bbbd3de5_1280x720,player_3,6.08,7.48
0022500032,2cd9427a-3b86-e113-0e51-0bb7782ccb28_1280x720,player_4,4.4,6.24
0022500032,531ed748-4d3d-38eb-76cd-64ab49479444_1280x720,player_6,6.04,7.36
0022500032,57239edb-6a58-1a26-3006-44bc26babcac_1280x720,player_0,5.8,7.28
0022500032,c1d1df21-4117-e373-4953-73e4f04e2427_1280x720,player_6,2.92,4.76
0022500032,d920029e-aed1-5733-dc89-59d3d6fb9666_1280x720,player_5,0.16,1.68
0022500032,edfde49b-a172-b02c-180a-cef4b0270298_1280x720,player_1,8.68,9.76
0022500032,f84744c5-c4c8-5ad0-0460-f39d020d4e0a_1280x720,player_7,5.68,6.88
0022500032,fc8edf90-da9b-821a-bdce-c34141c20455_1280x720,player_0,2.72,4.36
0022500033,047c731b-3fe2-7485-f253-cbf780cff975_1280x720,player_6,5.32,6.32
0022500033,067d9b1a-1cc6-3a83-f5e3-0aa89141e4ae_1280x720,player_5,5.36,7.08
0022500033,09140343-49f8-e584-bfc7-23a4be710206_1280x720,player_8,6.0,7.6
0022500033,26085a73-96bd-e7c5-af94-727fc5279ec8_1280x720,player_6,7.12,8.44
0022500033,2fe828f6-0a6a-f94e-77b4-77b1a234fef3_1280x720,player_0,5.52,6.28
0022500033,55d53b39-07ee-b94a-c141-4023003f7f16_1280x720,player_1,6.72,7.56
0022500033,580cb199-8af7-f9c4-a938-5083bf5d0a65_1280x720,player_0,6.08,7.16
0022500033,5aecf7ed-263b-fe88-817d-621c0ad0256a_1280x720,player_6,1.04,2.48
0022500033,6d4b7566-ecf1-d1ce-1a3c-0ff2f0d8f35d_1280x720,player_0,5.36,6.72
0022500033,7a1219b1-2c0e-7b12-8031-bb7ba8773e5d_1280x720,player_2,1.92,3.96
0022500033,7c370a24-fb32-77c2-cf8c-112e5f193655_1280x720,player_5,3.4,5.12
0022500033,80d3c1a1-c63c-adc8-b063-27082790eeed_1280x720,player_3,4.4,5.92
0022500033,ae3e25e6-36ee-4be7-44f9-8b8dde8c1e8f_1280x720,player_3,6.84,8.04
0022500033,cb04df1f-0a6d-cde8-8e25-7073da2431f5_1280x720,player_1,4.08,5.96
0022500033,d356bc7f-8aa9-cc7b-c838-86f5a6035a5b_1280x720,player_4,5.24,6.48
0022500033,e02f2784-b0f3-9a81-583f-77dc9ff8dd56_1280x720,player_6,5.96,6.96
0022500033,ed3b8135-7a70-a32e-03a5-ecaff5b6f49b_1280x720,player_6,2.6,3.96
0022500034,00411ea8-e07a-ddaf-186e-843720731aeb_1280x720,player_5,8.0,9.72
0022500034,01423208-de45-3410-263a-ab95e5e42d34_1280x720,player_4,6.64,7.84
0022500035,1aec321d-549f-1dd6-6b8a-a4090a858a71_1280x720,player_4,5.44,6.64
0022500035,4ed7af71-1232-0d32-83ef-1ad8101ed5c2_1280x720,player_10,5.36,6.08
0022500035,62750da7-2de1-9d04-462f-1321e6df560b_1280x720,player_2,2.12,3.32
0022500035,6c95b1fa-14fe-d5cd-fb41-c57fdb3e98f3_1280x720,player_5,3.04,4.48
0022500035,d8d98c48-84a0-79a1-90f8-fc99ee7f4a3d_1280x720,player_5,3.08,4.12
0022500037,36af901a-a556-13da-c68e-d36aeb0d5930_1280x720,player_0,4.28,5.52
0022500037,5a2ff158-2fad-db89-246d-46d1143e0fdf_1280x720,player_8,5.0,6.04
0022500037,f7ed4396-c396-e3fb-73c0-3c04c98483d2_1280x720,player_5,5.48,6.28
0022500038,20bcf1f1-edfa-051b-be85-ed27e6012998_1280x720,player_4,4.2,5.04
0022500038,4e11a162-5ffa-3bc9-0f64-826edbf121e1_1280x720,player_5,4.36,5.44
0022500038,4e14f017-5a90-cc79-bac9-62f5a40138c7_1280x720,player_0,5.52,6.48
0022500038,c898eca6-37ad-e277-773d-e3bbce4fb5eb_1280x720,player_8,8.36,9.8
0022500038,d18a22d2-cbb8-ebe0-ef3a-8caa9b006d78_1280x720,player_2,3.84,4.88
0022500039,1637d15b-b34b-7448-8ab8-afeda65f2710_1280x720,player_5,3.0,4.28
0022500040,0733d132-f86d-a510-13f8-eb6f0404f2f8_1280x720,player_5,2.08,3.68
0022500040,7ee9e71c-b4d0-bd7e-3c33-9b760ce24069_1280x720,player_7,5.32,5.96
0022500040,dcae54de-5912-0f3f-6510-d3a024143df8_1280x720,player_8,5.24,6.48
0022500040,f565c33d-b858-7d69-a122-2ff14f70980a_1280x720,player_0,5.04,6.08
0022500041,536eff9d-0ae9-719a-0721-9d6c8befcc3b_1280x720,player_1,8.48,9.68
0022500041,9cf92aed-4e1a-36aa-8cb6-72b2d6e62fe9_1280x720,player_2,5.28,6.96
0022500041,c91dfe69-b329-8f98-60d4-d3a815543b17_1280x720,player_4,3.64,4.44
0022500042,67bf9a99-d13e-68d4-3bb2-225ba9e06482_1280x720,player_7,4.28,6.56
0022500044,fb126675-3b08-f261-db30-4ea5fe1b0e6d_1280x720,player_6,5.2,6.48
0022500046,3b61bca2-5cbd-b81f-d3eb-e1fdebeec9cc_1280x720,player_6,6.28,7.08
0022500046,aca87356-9647-40cb-2d6f-71fedec69f2a_1280x720,player_5,5.0,6.2
0022500046,e0146fc4-596f-77a7-764f-be08bcd4d81e_1280x720,player_4,0.0,5.48
0022500046,f272fb97-7549-0661-f941-3e93f4b23093_1280x720,player_7,0.0,7.16
0022500047,47cff534-d267-c4e9-939f-7f22e380cfd6_1280x720,player_8,7.32,8.6
0022500047,acf42ccd-d713-c022-f8ba-eb18d2501a75_1280x720,player_1,3.68,5.0
0022500047,c8ad6795-d178-cfa5-02a3-1c40984c4e78_1280x720,player_0,3.4,5.04
6000000000,0491af9c-6a8d-8cca-9782-0ec8e747a66f_1280x720,player_6,0.0,7.56
6000000000,0491af9c-6a8d-8cca-9782-0ec8e747a66f_1280x720,player_7,0.0,7.36
6000000000,085e4b36-717a-e653-40bf-e7dc9eb9a05e_1280x720,player_4,0.0,5.2
6000000000,16712557-3b5b-48db-1857-d76f81ce1fd4_1280x720,player_2,0.0,7.76
0022500032,93eb3840-3ffe-48d9-3b06-7d19c2c08a01_1280x720,player_2,5.72,6.96
0022500034,aa855684-6448-287e-d69a-74087b6a76af_1280x720,player_3,3.68,5.08
0022500039,45af5865-673f-b94d-d684-3136ae807b66_1280x720,player_5,3.08,4.44
6000000000,16712557-3b5b-48db-1857-d76f81ce1fd4_1280x720,player_6,0.0,7.36
6000000000,1a725d90-be30-54a0-a301-eb0094e3a755_1280x720,player_5,0.0,5.8
6000000000,1a725d90-be30-54a0-a301-eb0094e3a755_1280x720,player_6,0.0,5.8
6000000000,20753382-5b8e-2bee-42c0-1a60a0368645_1280x720,player_0,0.0,6.48
6000000000,20753382-5b8e-2bee-42c0-1a60a0368645_1280x720,player_8,0.0,6.24
6000000000,21028a3d-07a5-5a0b-b915-24f82f49b180_1280x720,player_3,0.0,7.48
6000000000,21028a3d-07a5-5a0b-b915-24f82f49b180_1280x720,player_8,0.0,7.36
6000000000,224aa1a8-ce2c-9585-6a8d-19c23474143a_1280x720,player_6,0.0,10.12
6000000000,224aa1a8-ce2c-9585-6a8d-19c23474143a_1280x720,player_7,0.0,10.6
6000000000,2d6efac6-7938-8525-e894-e09c46618295_1280x720,player_4,0.0,7.24
6000000000,2d6efac6-7938-8525-e894-e09c46618295_1280x720,player_7,0.0,7.36
6000000000,2f8a600b-c3a3-8b53-8b92-beb4384c1210_1280x720,player_1,0.0,4.8
6000000000,309c4db5-0a42-a439-40f5-d16ba5399916_1280x720,player_2,0.0,6.96
6000000000,309c4db5-0a42-a439-40f5-d16ba5399916_1280x720,player_7,0.0,6.92
6000000000,32ac3833-73af-6fe8-d4f8-284c41cff493_1280x720,player_6,0.0,3.44
6000000000,3467bfe0-a294-8dd0-779f-7b707f70d5ae_1280x720,player_1,0.0,4.12
6000000000,3467bfe0-a294-8dd0-779f-7b707f70d5ae_1280x720,player_7,0.0,4.2
6000000000,383b298b-dbfd-9f72-1558-9216d8e04c3d_1280x720,player_0,0.0,5.28
6000000000,383b298b-dbfd-9f72-1558-9216d8e04c3d_1280x720,player_2,0.0,4.76
6000000000,3931e62c-e8d1-670b-ab0e-49d2c2afc714_1280x720,player_3,0.0,6.68
6000000000,3931e62c-e8d1-670b-ab0e-49d2c2afc714_1280x720,player_6,0.0,6.28
6000000000,3dc43ba9-e11d-4dff-149b-47c6f403fbe2_1280x720,player_0,0.0,4.76
6000000000,3f6d69b2-f823-2333-a7bc-5139822e04be_1280x720,player_1,0.0,2.96
6000000000,41880c68-886e-0260-6c28-bcb1fa4549de_1280x720,player_1,0.0,7.48
6000000000,41880c68-886e-0260-6c28-bcb1fa4549de_1280x720,player_5,0.0,7.64
6000000000,451cb608-4ca7-d8a0-5bd7-d0fd6a6e5f7c_1280x720,player_0,0.0,10.48
6000000000,451cb608-4ca7-d8a0-5bd7-d0fd6a6e5f7c_1280x720,player_5,0.0,10.72
6000000000,4bffbbd7-8cd5-b110-4277-de07b897df6e_1280x720,player_0,0.0,5.44
6000000000,4ee29b62-edda-b307-fa15-7aa01bbb3efe_1280x720,player_2,0.0,6.48
6000000000,4ee29b62-edda-b307-fa15-7aa01bbb3efe_1280x720,player_3,0.0,6.56
6000000000,6610b201-7288-a74e-9067-16d2234b8aad_1280x720,player_3,0.0,5.68
6000000000,6610b201-7288-a74e-9067-16d2234b8aad_1280x720,player_6,0.0,5.88
6000000000,6a9dac9e-2521-5db4-3932-5824bd3c3f47_1280x720,player_3,0.0,5.08
6000000000,78c9f531-fe75-d526-6e8f-43cee9ffc72d_1280x720,player_2,0.0,4.24
6000000000,78c9f531-fe75-d526-6e8f-43cee9ffc72d_1280x720,player_4,0.0,4.0
6000000000,7b912bbc-0e80-8942-52d2-3c581f55bbc7_1280x720,player_3,0.0,5.64
6000000000,7b912bbc-0e80-8942-52d2-3c581f55bbc7_1280x720,player_7,0.0,5.96
6000000000,7db64f57-e3c0-4ffc-7e8a-b47a1797ae79_1280x720,player_7,0.0,5.68
6000000000,7db64f57-e3c0-4ffc-7e8a-b47a1797ae79_1280x720,player_9,0.0,5.64
6000000000,8970f51b-6d60-073c-3988-0d6e84a9b166_1280x720,player_7,0.0,5.32
6000000000,972ce839-cab1-50b7-864a-eb86b4e8475b_1280x720,player_0,0.0,7.52
6000000000,972ce839-cab1-50b7-864a-eb86b4e8475b_1280x720,player_2,0.0,7.48
6000000000,9db79677-4228-7d27-830f-82bde56fbf28_1280x720,player_0,0.0,5.2
6000000000,a0b67936-b580-aba7-c89b-9832d27c9bc7_1280x720,player_5,0.0,6.28
6000000000,aae94e5a-2ce2-6c84-533a-02aa120af54c_1280x720,player_1,0.0,6.6
6000000000,aaf42ae4-a20d-4f6c-d816-ca4f687ba8ca_1280x720,player_1,0.0,4.04
6000000000,aaf42ae4-a20d-4f6c-d816-ca4f687ba8ca_1280x720,player_6,0.0,3.6
6000000000,abb2ec4c-dc81-c798-5123-01527b676015_1280x720,player_5,0.0,6.28
6000000000,b06cb2e8-76ba-4e0c-4caa-22638ad11056_1280x720,player_7,0.0,7.52
6000000000,b733f448-8711-74c3-ee64-3c5bbddeee86_1280x720,player_1,0.0,8.6
6000000000,bb0a373e-a79d-49b4-822e-c1739a8a0967_1280x720,player_2,0.0,6.04
6000000000,bb4d77ee-5d96-e06f-dcc5-ea542f045fb9_1280x720,player_5,0.0,6.32
6000000000,bddbe3e5-6b97-6510-3fa3-dd8bdd9d92de_1280x720,player_7,0.0,3.08
6000000000,bf7206da-0ed2-901d-ce4b-df8300726976_1280x720,player_1,0.0,8.2
6000000000,bf7206da-0ed2-901d-ce4b-df8300726976_1280x720,player_7,0.0,8.28
6000000000,bf803d41-6478-cccb-ad3e-cae93aaf74a9_1280x720,player_2,0.0,5.2
6000000000,c0f1ef14-f074-7868-a58b-cf30ae115826_1280x720,player_6,0.0,4.24
6000000000,c6c1b91b-0cd8-823b-f4da-5943e673ce3c_1280x720,player_4,0.0,7.84
6000000000,c972ff66-3fbe-e14d-8b36-1cf1c99a67bd_1280x720,player_2,0.0,6.04
6000000000,c972ff66-3fbe-e14d-8b36-1cf1c99a67bd_1280x720,player_6,0.0,5.52
6000000000,cd2df157-f3c7-bc62-f930-a5cf9648c3e1_1280x720,player_2,0.0,7.76
6000000000,cd2df157-f3c7-bc62-f930-a5cf9648c3e1_1280x720,player_5,0.0,7.52
6000000000,d22583a5-3462-57f3-2756-ca4b5d7c5236_1280x720,player_6,0.0,6.56
6000000000,d22583a5-3462-57f3-2756-ca4b5d7c5236_1280x720,player_8,0.0,6.44
6000000000,d3fd64b8-c9c5-c84f-7f9c-7aa746f21afb_1280x720,player_1,0.52,6.0
6000000000,d8e32373-767c-0e17-7dc1-8c57cfc078c3_1280x720,player_0,0.0,7.88
6000000000,d8e32373-767c-0e17-7dc1-8c57cfc078c3_1280x720,player_6,0.0,8.0
6000000000,db09c0b3-b666-2405-e2a4-f5433bfff49b_1280x720,player_0,0.0,8.16
6000000000,dd8f74a1-9e85-9289-8358-8c4210689220_1280x720,player_2,0.0,6.12
6000000000,dd8f74a1-9e85-9289-8358-8c4210689220_1280x720,player_3,0.0,5.6
6000000000,df11b13d-6217-b3ba-6a3f-d1be9d760706_1280x720,player_0,0.0,4.68
6000000000,df11b13d-6217-b3ba-6a3f-d1be9d760706_1280x720,player_4,0.0,5.08
6000000000,e0f66a72-9af9-636d-b8b8-315ff889c350_1280x720,player_0,0.0,4.96
6000000000,e221add0-eac3-a4d2-3ffd-a9baa27c9e2d_1280x720,player_5,0.0,4.6
6000000000,e221add0-eac3-a4d2-3ffd-a9baa27c9e2d_1280x720,player_6,0.0,4.28
6000000000,e84815db-b486-ff56-784b-ab1a060b500e_1280x720,player_1,0.0,6.72
6000000000,e84815db-b486-ff56-784b-ab1a060b500e_1280x720,player_3,0.0,6.76
6000000000,ea031171-0e15-9153-8e53-8e97edcbff13_1280x720,player_0,0.0,4.84
6000000000,ea4109b6-fb99-dc70-c72a-9ba989eb5fb6_1280x720,player_4,0.0,5.44
6000000000,f13a96c7-21e0-eb3c-8090-b025a8722edb_1280x720,player_4,0.0,9.76
6000000000,f13a96c7-21e0-eb3c-8090-b025a8722edb_1280x720,player_8,0.0,9.64
6000000000,f25b6adb-e1be-5389-4b10-e5a0726f1ffd_1280x720,player_1,0.0,6.12
6000000000,f9cf1a20-6c14-38ca-4979-9913f1c0bbbf_1280x720,player_4,0.0,5.92
6000000000,26c1a2ed-8fce-e64c-618d-2336076f9bf1_1280x720,player_0,0.0,4.12
6000000000,f3fe0964-a05d-84aa-969c-f7dbd482c47b_1280x720,player_1,0.0,5.96
